,Supervisor,,,NADO Supervisor,,,FT Delivery T1-T6,,,NADO FT Delivery T1-T6,,,B3 Delivery,,,NADO B3 Delivery,,,FT Plating,,,NADO FT Plating,,,Plating PT P3-8,,,Plating PT E3-5,,,Plating PT H1-3,,,Plating PT M1-2,Decoded Text,,FT KM D1-D4,,,NADO FT KM D1-D4,Decoded Text,,PT KM K-K3,,,PT KM K1-2,,,PT K5,,,PT K4,,,FT MM,,,NADO FT MM,,,PT Delivery,,,PT Delivery B3,
1,L,12:30-21:00,1,L,12:56-21:00,1,T1,07:00-15:30,1,T1,07:00-15:06,1,B3,07:00-15:30,1,B3,07:00-15:06,1,P1,06:00-14:30,1,P1,06:00-14:06,1,P6,14:30-19:30,1,E3,07:00-11:00,1,H1,14:30-18:30,1,M1,14:30-18:30,1,D1,07:00-15:30,1,D1,07:00-15:06,1,O,RDO,1,O,RDO,1,K5,15:30-19:30,1,O,RDO,1,L,08:30-17:00,1,L,08:57-16:48,1,T1,16:30-21:00,1,T4,16:30-21:00
2,L,12:30-21:00,2,L,12:56-21:00,2,T1,07:00-15:30,2,T1,07:00-15:06,2,B3,07:00-15:30,2,B3,07:00-15:06,2,P1,06:00-14:30,2,P1,06:00-14:06,2,P6,14:30-19:30,2,E3,07:00-11:00,2,H1,14:30-18:30,2,M1,14:30-18:30,2,D1,07:00-15:30,2,D1,07:00-15:06,2,O,RDO,2,O,RDO,2,O,RDO,2,K4,17:00-21:00,2,E,07:45-16:15,2,E,07:57-16:03,2,T1,16:30-21:00,2,T4,16:30-21:00
3,E,05:30-14:00,3,E,05:30-13:36,3,T1,07:00-15:30,3,T1,07:00-15:06,3,B1,07:00-15:30,3,B1,07:00-15:06,3,P1,06:00-14:30,3,P1,06:00-14:06,3,P3,07:00-12:00,3,O,RDO,3,O,RDO,3,M1,14:30-18:30,3,O,RDO,3,O,RDO,3,K3,14:30-21:00,3,K2,16:00-20:00,3,O,RDO,3,K4,17:00-21:00,3,E1,05:30-14:00,3,E1,05:30-13:36,3,T1,16:30-21:00,3,O,RDO
4,E,05:30-14:00,4,E,05:30-13:36,4,T1,07:00-15:30,4,T1,07:00-15:06,4,B1,07:00-15:30,4,B1,07:00-15:06,4,P1,06:00-14:30,4,P1,06:00-14:06,4,P3,07:00-12:00,4,O,RDO,4,O,RDO,4,M1,14:30-18:30,4,O,RDO,4,O,RDO,4,K3,14:30-21:00,4,K1,16:00-20:00,4,K5,15:30-19:30,4,K4,17:00-21:00,4,E1,05:30-14:00,4,E1,05:30-13:36,4,T1,16:30-21:00,4,O,RDO
5,E,05:30-14:00,5,E,05:30-13:36,5,T1,07:00-15:30,5,T1,07:00-15:06,5,B1,07:00-15:30,5,B1,07:00-15:06,5,P1,06:00-14:30,5,P1,06:00-14:06,5,P3,07:00-12:00,5,E3,07:00-11:00,5,H1,14:30-18:30,5,M1,14:30-18:30,5,O,RDO,5,O,RDO,5,K3,14:30-21:00,5,K1,16:00-20:30,5,K5,15:30-19:30,5,K4,17:00-21:00,5,E1,05:30-14:00,5,E1,05:30-13:36,5,T1,16:30-21:00,5,O,RDO
6,O,RDO,6,O,RDO,6,O,RDO,6,O,RDO,6,O,RDO,6,O,RDO,6,O,RDO,6,O,RDO,6,O,RDO,6,E3,07:00-11:00,6,H1,14:30-18:30,6,M1,14:30-18:30,6,D1,07:00-15:30,6,D1,07:00-15:06,6,K,08:00-14:30,6,K1,16:00-20:30,6,K5,15:30-19:30,6,K4,17:00-21:00,6,O,RDO,6,O,RDO,6,O,RDO,6,T4,16:30-21:00
7,O,RDO,7,O,RDO,7,O,RDO,7,O,RDO,7,O,RDO,7,O,RDO,7,O,RDO,7,O,RDO,7,O,RDO,7,E3,07:00-11:00,7,H1,14:30-18:30,7,O,RDO,7,D1,07:00-15:30,7,D1,07:00-15:06,7,K+,08:00-16:30,7,K1,16:00-20:30,7,K5,15:30-19:30,7,O,RDO,7,O,RDO,7,O,RDO,7,O,RDO,7,T4,16:30-21:00
8,A,ADO,8,S,05:30-13:36,8,O,RDO,8,O,RDO,8,O,RDO,8,O,RDO,8,O,RDO,8,O,RDO,8,O,RDO,8,E3,07:00-11:00,8,H1,14:30-18:30,8,O,RDO,8,D1,07:00-15:30,8,D1,07:00-15:06,8,K,08:00-14:30,8,K1,16:00-20:30,8,K5,15:30-19:30,8,O,RDO,8,A,ADO,8,S,07:00-15:06,8,O,RDO,8,T4,16:30-21:00
9,L,12:30-21:00,9,L,12:56-21:00,9,T1,07:00-15:30,9,T1,07:00-15:06,9,B3,07:00-15:30,9,B3,07:00-15:06,9,P2,06:00-14:30,9,P2,06:00-14:06,9,P6,14:30-19:30,9,E3,07:00-11:00,9,H1,14:30-18:30,9,M1,14:30-18:30,9,D1,07:00-15:30,9,D1,07:00-15:06,9,O,RDO,9,O,RDO,9,O,RDO,9,K4,17:00-21:00,9,E,07:45-16:15,9,E,07:57-16:03,9,T1,16:30-21:00,9,T4,16:30-21:00
10,L,12:30-21:00,10,L,12:56-21:00,10,T1,07:00-15:30,10,T1,07:00-15:06,10,B3,07:00-15:30,10,B3,07:00-15:06,10,P2,06:00-14:30,10,P2,06:00-14:06,10,P6,14:30-19:30,10,E3,07:00-11:00,10,H2,14:30-18:30,10,M1,14:30-18:30,10,D1,07:00-15:30,10,D1,07:00-15:06,10,O,RDO,10,O,RDO,10,O,RDO,10,K4,17:00-21:00,10,E,07:45-16:15,10,E,07:57-16:03,10,T1,16:30-21:00,10,T4,16:30-21:00
11,E,05:30-14:00,11,E,05:30-13:36,11,T1,07:00-15:30,11,T1,07:00-15:06,11,B1,07:00-15:30,11,B1,07:00-15:06,11,P2,06:00-14:30,11,P2,06:00-14:06,11,P6,14:30-19:30,11,O,RDO,11,O,RDO,11,M1,14:30-18:30,11,D1,07:00-15:30,11,D1,07:00-15:06,11,O,RDO,11,O,RDO,11,K5,15:30-19:30,11,K4,17:00-21:00,11,E1,05:30-14:00,11,E1,05:30-13:36,11,T1,16:30-21:00,11,O,RDO
12,E,05:30-14:00,12,E,05:30-13:36,12,T1,07:00-15:30,12,T1,07:00-15:06,12,B1,07:00-15:30,12,B1,07:00-15:06,12,P2,06:00-14:30,12,P2,06:00-14:06,12,P3,07:00-12:00,12,O,RDO,12,O,RDO,12,M1,14:30-18:30,12,O,RDO,12,O,RDO,12,K3,14:30-21:00,12,K1,16:00-20:30,12,K5,15:30-19:30,12,K4,17:00-21:00,12,E1,05:30-14:00,12,E1,05:30-13:36,12,T1,16:30-21:00,12,O,RDO
13,E,05:30-14:00,13,E,05:30-13:36,13,T1,07:00-15:30,13,T1,07:00-15:06,13,B1,07:00-15:30,13,B1,07:00-15:06,13,P2,06:00-14:30,13,P2,06:00-14:06,13,P3,07:00-12:00,13,O,RDO,13,O,RDO,13,M1,14:30-18:30,13,O,RDO,13,O,RDO,13,K3,14:30-21:00,13,K1,16:00-20:30,13,K5,15:30-19:30,13,K4,17:00-21:00,13,E1,05:30-14:00,13,E1,05:30-13:36,13,T1,16:30-21:00,13,O,RDO
14,O,RDO,14,O,RDO,14,O,RDO,14,O,RDO,14,A,ADO,14,S,07:00-15:06,14,A,ADO,14,S,06:00-14:06,14,O,RDO,14,E3,07:00-11:00,14,H1,14:30-18:30,14,O,RDO,14,D1,07:00-15:30,14,D1,07:00-15:06,14,K3,14:30-21:00,14,K1,16:00-20:30,14,K5,15:30-19:30,14,O,RDO,14,O,RDO,14,O,RDO,14,O,RDO,14,T4,16:30-21:00
15,O,RDO,15,O,RDO,15,O,RDO,15,O,RDO,15,O,RDO,15,O,RDO,15,O,RDO,15,O,RDO,15,O,RDO,15,E3,07:00-11:00,15,H1,14:30-18:30,15,O,RDO,15,D1,07:00-15:30,15,D1,07:00-15:06,15,K,08:00-14:30,15,K1,16:00-20:30,15,K5,15:30-19:30,15,O,RDO,15,O,RDO,15,O,RDO,15,O,RDO,15,T4,16:30-21:00
16,O,RDO,16,O,RDO,16,A,ADO,16,S,07:00-15:06,16,O,RDO,16,O,RDO,16,O,RDO,16,O,RDO,16,O,RDO,16,E3,07:00-11:00,16,H1,14:30-18:30,16,M1,14:30-18:30,16,D1,07:00-15:30,16,D1,07:00-15:06,16,K+,08:00-16:30,16,K1,16:00-20:30,16,O,RDO,16,K4,17:00-21:00,16,O,RDO,16,O,RDO,16,O,RDO,16,T4,16:30-21:00
17,L,12:30-21:00,17,L,12:56-21:00,17,T2,07:00-15:30,17,T2,07:00-15:06,17,B3,07:00-15:30,17,B3,07:00-15:06,17,P1,06:00-14:30,17,P1,06:00-14:06,17,P6,14:30-19:30,17,E3,07:00-11:00,17,H2,14:30-18:30,17,M1,14:30-18:30,17,D1,07:00-15:30,17,D1,07:00-15:06,17,K,08:00-14:30,17,K1,16:00-20:00,17,O,RDO,17,K4,17:00-21:00,17,L,08:30-17:00,17,L,08:57-16:48,17,T2,16:30-21:00,17,T4,16:30-21:00
18,L,12:30-21:00,18,L,12:56-21:00,18,T2,07:00-15:30,18,T2,07:00-15:06,18,B3,07:00-15:30,18,B3,07:00-15:06,18,P1,06:00-14:30,18,P1,06:00-14:06,18,P6,14:30-19:30,18,E3,07:00-11:00,18,H2,14:30-18:30,18,M1,14:30-18:30,18,D1,07:00-15:30,18,D1,07:00-15:06,18,O,RDO,18,O,RDO,18,K5,15:30-19:30,18,K4,17:00-21:00,18,L,08:30-17:00,18,L,08:57-16:48,18,T2,16:30-21:00,18,T4,16:30-21:00
19,L,12:30-21:00,19,L,12:56-21:00,19,T2,07:00-15:30,19,T2,07:00-15:06,19,B3,07:00-15:30,19,B3,07:00-15:06,19,P1,06:00-14:30,19,P1,06:00-14:06,19,P6,14:30-19:30,19,E3,07:00-11:00,19,H1,14:30-18:30,19,M1,14:30-18:30,19,D1,07:00-15:30,19,D1,07:00-15:06,19,O,RDO,19,O,RDO,19,K5,15:30-19:30,19,K4,17:00-21:00,19,E,07:45-16:15,19,E,07:57-16:03,19,T2,16:30-21:00,19,T4,16:30-21:00
20,E,05:30-14:00,20,E,05:30-13:36,20,T2,07:00-15:30,20,T2,07:00-15:06,20,B1,07:00-15:30,20,B1,07:00-15:06,20,P1,06:00-14:30,20,P1,06:00-14:06,20,P3,07:00-12:00,20,O,RDO,20,O,RDO,20,M1,14:30-18:30,20,A,ADO,20,D4,07:00-15:06,20,O,RDO,20,O,RDO,20,K5,15:30-19:30,20,K4,17:00-21:00,20,E1,05:30-14:00,20,E1,05:30-13:36,20,T2,16:30-21:00,20,O,RDO
21,E,05:30-14:00,21,E,05:30-13:36,21,T2,07:00-15:30,21,T2,07:00-15:06,21,B1,07:00-15:30,21,B1,07:00-15:06,21,P1,06:00-14:30,21,P1,06:00-14:06,21,P3,07:00-12:00,21,O,RDO,21,O,RDO,21,O,RDO,21,O,RDO,21,O,RDO,21,K3,14:30-21:00,21,K1,16:00-20:30,21,K5,15:30-19:30,21,O,RDO,21,E1,05:30-14:00,21,E1,05:30-13:36,21,T2,16:30-21:00,21,O,RDO
22,E,05:30-14:00,22,E,05:30-13:36,22,T2,07:00-15:30,22,T2,07:00-15:06,22,B1,07:00-15:30,22,B1,07:00-15:06,22,P1,06:00-14:30,22,P1,06:00-14:06,22,P3,07:00-12:00,22,E3,07:00-11:00,22,O,RDO,22,O,RDO,22,O,RDO,22,O,RDO,22,K3,14:30-21:00,22,K1,16:00-20:30,22,K5,15:30-19:30,22,O,RDO,22,E1,05:30-14:00,22,E1,05:30-13:36,22,T2,16:30-21:00,22,O,RDO
23,O,RDO,23,O,RDO,23,O,RDO,23,O,RDO,23,O,RDO,23,O,RDO,23,O,RDO,23,O,RDO,23,O,RDO,23,E3,07:00-11:00,23,H1,14:30-18:30,23,O,RDO,23,D1,07:00-15:30,23,D1,07:00-15:06,23,K3,14:30-21:00,23,K1,16:00-20:30,23,O,RDO,23,K4,17:00-21:00,23,O,RDO,23,O,RDO,23,O,RDO,23,T4,16:30-21:00
24,O,RDO,24,O,RDO,24,O,RDO,24,O,RDO,24,O,RDO,24,O,RDO,24,O,RDO,24,O,RDO,24,O,RDO,24,E5,07:00-11:00,24,H2,14:30-18:30,24,M1,14:30-18:30,24,D1,07:00-15:30,24,D1,07:00-15:06,24,K,08:00-14:30,24,K2,16:00-20:00,24,O,RDO,24,K4,17:00-21:00,24,O,RDO,24,O,RDO,24,O,RDO,24,T4,16:30-21:00
25,O,RDO,25,O,RDO,25,O,RDO,25,O,RDO,25,O,RDO,25,O,RDO,25,O,RDO,25,O,RDO,25,O,RDO,25,E3,07:00-11:00,25,H2,14:30-18:30,25,M1,14:30-18:30,25,D1,07:00-15:30,25,D1,07:00-15:06,25,K,08:00-14:30,25,K2,16:00-20:00,25,K5,15:30-19:30,25,K4,17:00-21:00,25,O,RDO,25,O,RDO,25,O,RDO,25,T4,16:30-21:00
26,L,12:30-21:00,26,L,12:56-21:00,26,T2,07:00-15:30,26,T2,07:00-15:06,26,B3,07:00-15:30,26,B3,07:00-15:06,26,P2,06:00-14:30,26,P2,06:00-14:06,26,P6,14:30-19:30,26,E3,07:00-11:00,26,H1,14:30-18:30,26,M1,14:30-18:30,26,D1,07:00-15:30,26,D1,07:00-15:06,26,K+,08:00-16:30,26,K1,16:00-20:30,26,K5,15:30-19:30,26,K4,17:00-21:00,26,E,07:45-16:15,26,E,07:57-16:03,26,T2,16:30-21:00,26,T4,16:30-21:00
27,L,12:30-21:00,27,L,12:56-21:00,27,T2,07:00-15:30,27,T2,07:00-15:06,27,B3,07:00-15:30,27,B3,07:00-15:06,27,P2,06:00-14:30,27,P2,06:00-14:06,27,P6,14:30-19:30,27,E3,07:00-11:00,27,H1,14:30-18:30,27,M1,14:30-18:30,27,D1,07:00-15:30,27,D1,07:00-15:06,27,O,RDO,27,O,RDO,27,K5,15:30-19:30,27,K4,17:00-21:00,27,E,07:45-16:15,27,E,07:57-16:03,27,T2,16:30-21:00,27,T4,16:30-21:00
28,E,05:30-14:00,28,E,05:30-13:36,28,T2,07:00-15:30,28,T2,07:00-15:06,28,B3,07:00-15:30,28,B3,07:00-15:06,28,P2,06:00-14:30,28,P2,06:00-14:06,28,P3,07:00-12:00,28,O,RDO,28,O,RDO,28,M1,14:30-18:30,28,O,RDO,28,O,RDO,28,O,RDO,28,O,RDO,28,K5,15:30-19:30,28,O,RDO,28,E1,05:30-14:00,28,E1,05:30-13:36,28,T2,16:30-21:00,28,T4,16:30-21:00
29,E,05:30-14:00,29,E,05:30-13:36,29,T3,07:00-15:30,29,T3,07:00-15:06,29,B1,07:00-15:30,29,B1,07:00-15:06,29,P2,06:00-14:30,29,P2,06:00-14:06,29,P3,07:00-12:00,29,O,RDO,29,O,RDO,29,O,RDO,29,O,RDO,29,O,RDO,29,K3,14:30-21:00,29,K2,16:00-20:30,,,,,,,29,E1,05:30-14:00,29,E1,05:30-13:36,29,T3,16:30-21:00,29,O,RDO
30,E,05:30-14:00,30,E,05:30-13:36,30,T3,07:00-15:30,30,T3,07:00-15:06,30,B1,07:00-15:30,30,B1,07:00-15:06,30,P2,06:00-14:30,30,P2,06:00-14:06,30,P3,07:00-12:00,30,E4,07:00-11:00,30,H2,14:30-18:30,30,O,RDO,30,O,RDO,30,O,RDO,30,K3,14:30-21:00,30,K2,16:00-20:30,,,,,,,30,E1,05:30-14:00,30,E1,05:30-13:36,30,T3,16:30-21:00,30,O,RDO
31,O,RDO,31,O,RDO,31,O,RDO,31,O,RDO,31,O,RDO,31,O,RDO,31,O,RDO,31,O,RDO,31,O,RDO,31,E4,07:00-11:00,31,H2,14:30-18:30,31,M2,14:30-18:30,31,D1,07:00-15:30,31,D1,07:00-15:06,31,K,08:00-14:30,31,K1,16:00-20:00,,,,,,,31,O,RDO,31,O,RDO,31,O,RDO,31,T4,16:30-21:00
32,O,RDO,32,O,RDO,32,O,RDO,32,O,RDO,32,O,RDO,32,O,RDO,32,O,RDO,32,O,RDO,32,O,RDO,32,E4,07:00-11:00,32,H2,14:30-18:30,32,M2,14:30-18:30,32,D1,07:00-15:30,32,D1,07:00-15:06,32,K,08:00-14:30,32,K2,16:00-20:00,,,,,,,32,O,RDO,32,O,RDO,32,O,RDO,32,T4,16:30-21:00
33,E,05:30-14:00,33,E,05:30-13:36,33,O,RDO,33,O,RDO,33,O,RDO,33,O,RDO,33,O,RDO,33,O,RDO,33,O,RDO,33,E4,07:00-11:00,33,H2,14:30-18:30,33,M2,14:30-18:30,33,D1,07:00-15:30,33,D1,07:00-15:06,33,K+,08:00-16:30,33,K2,16:00-20:30,,,,,,,33,L1,11:00-19:30,33,L1,11:12-19:18,33,O,RDO,33,T4,16:30-21:00
34,L,12:30-21:00,34,L,12:56-21:00,34,T3,07:00-15:30,34,T3,07:00-15:06,34,B3,07:00-15:30,34,B3,07:00-15:06,34,P1,06:00-14:30,34,P1,06:00-14:06,34,P6,14:30-19:30,34,E4,07:00-11:00,34,H2,14:30-18:30,34,M2,14:30-18:30,34,D2,07:00-15:30,34,D2,07:00-15:06,34,O,RDO,34,O,RDO,,,,,,,34,L,08:30-17:00,34,L,08:57-16:48,34,T3,16:30-21:00,34,T4,16:30-21:00
35,L,12:30-21:00,35,L,12:56-21:00,35,T3,07:00-15:30,35,T3,07:00-15:06,35,B3,07:00-15:30,35,B3,07:00-15:06,35,P1,06:00-14:30,35,P1,06:00-14:06,35,P6,14:30-19:30,35,O,RDO,35,H2,14:30-18:30,35,M2,14:30-18:30,35,D2,07:00-15:30,35,D2,07:00-15:06,35,O,RDO,35,O,RDO,,,,,,,35,L,08:30-17:00,35,L,08:57-16:48,35,T3,16:30-21:00,35,T4,16:30-21:00
36,L,12:30-21:00,36,L,12:56-21:00,36,T3,07:00-15:30,36,T3,07:00-15:06,36,B3,07:00-15:30,36,B3,07:00-15:06,36,P1,06:00-14:30,36,P1,06:00-14:06,36,P6,14:30-19:30,36,O,RDO,36,O,RDO,36,M2,14:30-18:30,36,D2,07:00-15:30,36,D2,07:00-15:06,36,O,RDO,36,O,RDO,,,,,,,36,E,07:45-16:15,36,E,07:57-16:03,36,T3,16:30-21:00,36,T4,16:30-21:00
37,E,05:30-14:00,37,E,05:30-13:36,37,T3,07:00-15:30,37,T3,07:00-15:06,37,B1,07:00-15:30,37,B1,07:00-15:06,37,P1,06:00-14:30,37,P1,06:00-14:06,37,P3,07:00-12:00,37,O,RDO,37,O,RDO,37,O,RDO,37,O,RDO,37,O,RDO,37,K3,14:30-21:00,37,K1,16:00-20:30,,,,,,,37,E1,05:30-14:00,37,E1,05:30-13:36,37,T3,16:30-21:00,37,O,RDO
38,E,05:30-14:00,38,E,05:30-13:36,38,T3,07:00-15:30,38,T3,07:00-15:06,38,B1,07:00-15:30,38,B1,07:00-15:06,38,P1,06:00-14:30,38,P1,06:00-14:06,38,P3,07:00-12:00,38,E4,07:00-11:00,38,O,RDO,38,O,RDO,38,O,RDO,38,O,RDO,38,K3,14:30-21:00,38,K1,16:00-20:30,,,,,,,38,E1,05:30-14:00,38,E1,05:30-13:36,38,T3,16:30-21:00,38,O,RDO
39,O,RDO,39,O,RDO,39,O,RDO,39,O,RDO,39,O,RDO,39,O,RDO,39,O,RDO,39,O,RDO,39,P3,07:00-12:00,39,E4,07:00-11:00,39,H2,14:30-18:30,39,M2,14:30-18:30,39,D3,12:00-20:30,39,D3,12:00-20:06,39,K3,14:30-21:00,39,K1,16:00-20:30,,,,,,,39,O,RDO,39,O,RDO,39,O,RDO,39,T4,16:30-21:00
40,O,RDO,40,O,RDO,40,O,RDO,40,O,RDO,40,O,RDO,40,O,RDO,40,O,RDO,40,O,RDO,40,O,RDO,40,E4,07:00-11:00,40,H2,14:30-18:30,40,M2,14:30-18:30,40,D1,07:00-15:30,40,D1,07:00-15:06,40,K+,08:00-16:30,40,K2,16:00-20:30,,,,,,,40,O,RDO,40,O,RDO,40,O,RDO,40,T4,16:30-21:00
41,A,ADO,41,S,05:30-13:36,41,O,RDO,41,O,RDO,41,A,ADO,41,S,07:00-15:06,41,A,ADO,41,S,06:00-14:06,41,O,RDO,41,E4,07:00-11:00,41,H2,14:30-18:30,41,M2,14:30-18:30,41,D1,07:00-15:30,41,D1,07:00-15:06,41,K,08:00-14:30,41,K2,16:00-20:30,,,,,,,41,A,ADO,41,S,07:00-15:06,41,O,RDO,41,T4,16:30-21:00
42,L,12:30-21:00,42,L,12:56-21:00,42,T3,07:00-15:30,42,T3,07:00-15:06,42,B3,07:00-15:30,42,B3,07:00-15:06,42,P2,06:00-14:30,42,P2,06:00-14:06,42,O,RDO,42,E4,07:00-11:00,42,H2,14:30-18:30,42,M2,14:30-18:30,42,D2,07:00-15:30,42,D2,07:00-15:06,42,K+,08:00-16:30,42,K2,16:00-20:30,,,,,,,42,E,07:45-16:15,42,E,07:57-16:03,42,T3,16:30-21:00,42,T4,16:30-21:00
43,L,12:30-21:00,43,L,12:56-21:00,43,T5,07:00-15:30,43,T5,07:00-15:06,43,B3,07:00-15:30,43,B3,07:00-15:06,43,P2,06:00-14:30,43,P2,06:00-14:06,43,P6,14:30-19:30,43,E4,07:00-11:00,43,H2,14:30-18:30,43,M2,14:30-18:30,43,D2,07:00-15:30,43,D2,07:00-15:06,43,O,RDO,43,O,RDO,,,,,,,43,E,07:45-16:15,43,E,07:57-16:03,43,T5,16:30-21:00,43,T4,16:30-21:00
44,L,12:30-21:00,44,L,12:56-21:00,44,T5,07:00-15:30,44,T5,07:00-15:06,44,B3,07:00-15:30,44,B3,07:00-15:06,44,P2,06:00-14:30,44,P2,06:00-14:06,44,P6,14:30-19:30,44,O,RDO,44,H2,14:30-18:30,44,O,RDO,44,D2,07:00-15:30,44,D2,07:00-15:06,44,O,RDO,44,O,RDO,,,,,,,44,L,08:30-17:00,44,L,08:57-16:48,44,T5,16:30-21:00,44,T4,16:30-21:00
45,E,05:30-14:00,45,E,05:30-13:36,45,T5,07:00-15:30,45,T5,07:00-15:06,45,B1,07:00-15:30,45,B1,07:00-15:06,45,P2,06:00-14:30,45,P2,06:00-14:06,45,P3,07:00-12:00,45,O,RDO,45,O,RDO,45,O,RDO,45,O,RDO,45,O,RDO,45,O,RDO,45,O,RDO,,,,,,,45,E1,05:30-14:00,45,E1,05:30-13:36,45,T5,16:30-21:00,45,O,RDO
46,E,05:30-14:00,46,E,05:30-13:36,46,T5,07:00-15:30,46,T5,07:00-15:06,46,B1,07:00-15:30,46,B1,07:00-15:06,46,P2,06:00-14:30,46,P2,06:00-14:06,46,P3,07:00-12:00,46,E4,07:00-11:00,46,O,RDO,46,O,RDO,46,O,RDO,46,O,RDO,46,K3,14:30-21:00,46,K1,16:00-20:00,,,,,,,46,E1,05:30-14:00,46,E1,05:30-13:36,46,T5,16:30-21:00,46,O,RDO
47,E,05:30-14:00,47,E,05:30-13:36,47,T5,07:00-15:30,47,T5,07:00-15:06,47,B1,07:00-15:30,47,B1,07:00-15:06,47,P2,06:00-14:30,47,P2,06:00-14:06,47,P3,07:00-12:00,47,E4,07:00-11:00,47,H2,14:30-18:30,47,M2,14:30-18:30,47,A,ADO,47,D4,07:00-15:06,47,K3,14:30-21:00,47,K2,16:00-20:30,,,,,,,47,E1,05:30-14:00,47,E1,05:30-13:36,47,T5,16:30-21:00,47,O,RDO
48,O,RDO,48,O,RDO,48,A,ADO,48,S,07:00-15:06,48,O,RDO,48,O,RDO,48,O,RDO,48,O,RDO,48,O,RDO,48,E4,07:00-11:00,48,H2,14:30-18:30,48,M2,14:30-18:30,48,D1,07:00-15:30,48,D1,07:00-15:06,48,K3,14:30-21:00,48,K2,16:00-20:30,,,,,,,48,O,RDO,48,O,RDO,48,O,RDO,48,T4,16:30-21:00
49,O,RDO,49,O,RDO,49,O,RDO,49,O,RDO,49,O,RDO,49,O,RDO,49,O,RDO,49,O,RDO,49,O,RDO,49,E4,07:00-11:00,49,H2,14:30-18:30,49,M2,14:30-18:30,49,D1,07:00-15:30,49,D1,07:00-15:06,49,K+,08:00-16:30,49,K2,16:00-20:30,,,,,,,49,O,RDO,49,O,RDO,49,O,RDO,49,T4,16:30-21:00
50,O,RDO,50,O,RDO,50,O,RDO,50,O,RDO,50,O,RDO,50,O,RDO,50,O,RDO,50,O,RDO,50,O,RDO,50,E4,07:00-11:00,50,H2,14:30-18:30,50,M2,14:30-18:30,50,D1,07:00-15:30,50,D1,07:00-15:06,50,K,08:00-14:30,50,K2,16:00-20:30,,,,,,,50,O,RDO,50,O,RDO,50,O,RDO,50,T4,16:30-21:00
51,L,12:30-21:00,51,L,12:56-21:00,51,T5,07:00-15:30,51,T5,07:00-15:06,51,B3,07:00-15:30,51,B3,07:00-15:06,51,P1,06:00-14:30,51,P1,06:00-14:06,51,P6,14:30-19:30,51,E4,07:00-11:00,51,H2,14:30-18:30,51,M2,14:30-18:30,51,D2,07:00-15:30,51,D2,07:00-15:06,51,K+,08:00-16:30,51,K2,16:00-20:30,,,,,,,51,L,08:30-17:00,51,L,08:57-16:48,51,T5,16:30-21:00,51,T4,16:30-21:00
52,L,12:30-21:00,52,L,12:56-21:00,52,T5,07:00-15:30,52,T5,07:00-15:06,52,B3,07:00-15:30,52,B3,07:00-15:06,52,P1,06:00-14:30,52,P1,06:00-14:06,52,P6,14:30-19:30,52,O,RDO,52,O,RDO,52,M2,14:30-18:30,52,D2,07:00-15:30,52,D2,07:00-15:06,52,O,RDO,52,O,RDO,,,,,,,52,L,08:30-17:00,52,L,08:57-16:48,52,T5,16:30-21:00,52,T4,16:30-21:00
53,L,12:30-21:00,53,L,12:56-21:00,53,T5,07:00-15:30,53,T5,07:00-15:06,53,B3,07:00-15:30,53,B3,07:00-15:06,53,P1,06:00-14:30,53,P1,06:00-14:06,53,P6,14:30-19:30,53,O,RDO,53,O,RDO,53,O,RDO,53,D2,07:00-15:30,53,D2,07:00-15:06,53,O,RDO,53,O,RDO,,,,,,,53,E,07:45-16:15,53,E,07:57-16:03,53,T5,16:30-21:00,53,T4,16:30-21:00
54,E,05:30-14:00,54,E,05:30-13:36,54,T5,07:00-15:30,54,T5,07:00-15:06,54,B1,07:00-15:30,54,B1,07:00-15:06,54,P1,06:00-14:30,54,P1,06:00-14:06,54,P3,07:00-12:00,54,E4,07:00-11:00,54,H2,14:30-18:30,54,O,RDO,54,O,RDO,54,O,RDO,54,O,RDO,54,O,RDO,,,,,,,54,E1,05:30-14:00,54,E1,05:30-13:36,54,T5,16:30-21:00,54,O,RDO
55,E,05:30-14:00,55,E,05:30-13:36,55,T5,07:00-15:30,55,T5,07:00-15:06,55,B1,07:00-15:30,55,B1,07:00-15:06,55,P1,06:00-14:30,55,P1,06:00-14:06,55,P3,07:00-12:00,55,E4,07:00-11:00,55,H2,14:30-18:30,55,M2,14:30-18:30,55,O,RDO,55,O,RDO,55,K3,14:30-21:00,55,K2,16:00-20:30,,,,,,,55,E1,05:30-14:00,55,E1,05:30-13:36,55,T5,16:30-21:00,55,O,RDO
56,O,RDO,56,O,RDO,56,T5,07:00-15:30,56,T5,07:00-15:06,56,B1,07:00-15:30,56,B1,07:00-15:06,56,P1,06:00-14:30,56,P1,06:00-14:06,56,P4,07:00-12:00,56,E4,07:00-11:00,56,H2,14:30-18:30,56,M2,14:30-18:30,56,D1,07:00-15:30,56,D1,07:00-15:06,56,K3,14:30-21:00,56,K2,16:00-20:30,,,,,,,56,O,RDO,56,O,RDO,56,T5,16:30-21:00,56,O,RDO
57,O,RDO,57,O,RDO,57,O,RDO,57,O,RDO,57,O,RDO,57,O,RDO,57,O,RDO,57,O,RDO,57,O,RDO,57,E4,07:00-11:00,57,H2,14:30-18:30,57,M2,14:30-18:30,57,D2,07:00-15:30,57,D2,07:00-15:06,57,K,08:00-14:30,57,K1,16:00-20:30,,,,,,,57,O,RDO,57,O,RDO,57,O,RDO,57,T4,16:30-21:00
58,O,RDO,58,O,RDO,58,O,RDO,58,O,RDO,58,O,RDO,58,O,RDO,58,O,RDO,58,O,RDO,58,O,RDO,58,O,RDO,58,O,RDO,58,M2,14:30-18:30,58,D2,07:00-15:30,58,D2,07:00-15:06,58,K+,08:00-16:30,58,K1,16:00-20:30,,,,,,,58,O,RDO,58,O,RDO,58,O,RDO,58,T4,16:30-21:00
59,L,12:30-21:00,59,L,12:56-21:00,59,T6,07:00-15:30,59,T6,07:00-15:06,59,B3,07:00-15:30,59,B3,07:00-15:06,59,P2,06:00-14:30,59,P2,06:00-14:06,59,P6,14:30-19:30,59,O,RDO,59,O,RDO,59,E3,07:00-11:00,59,D2,07:00-15:30,59,D2,07:00-15:06,59,O,RDO,59,O,RDO,,,,,,,59,E,07:45-16:15,59,E,07:57-16:03,59,T6,16:30-21:00,59,T4,16:30-21:00
60,L,12:30-21:00,60,L,12:56-21:00,60,T6,07:00-15:30,60,T6,07:00-15:06,60,B3,07:00-15:30,60,B3,07:00-15:06,60,P2,06:00-14:30,60,P2,06:00-14:06,60,P6,14:30-19:30,60,E5,07:00-11:00,60,H3,14:30-18:30,60,E3,07:00-11:00,60,D2,07:00-15:30,60,D2,07:00-15:06,60,O,RDO,60,O,RDO,,,,,,,60,E,07:45-16:15,60,E,07:57-16:03,60,T6,16:30-21:00,60,T4,16:30-21:00
61,L,12:30-21:00,61,L,12:56-21:00,61,T6,07:00-15:30,61,T6,07:00-15:06,61,B3,07:00-15:30,61,B3,07:00-15:06,61,P2,06:00-14:30,61,P2,06:00-14:06,61,P6,14:30-19:30,61,E5,07:00-11:00,61,H3,14:30-18:30,61,O,RDO,61,D2,07:00-15:30,61,D2,07:00-15:06,61,O,RDO,61,O,RDO,,,,,,,61,L,08:30-17:00,61,L,08:57-16:48,61,T6,16:30-21:00,61,T4,16:30-21:00
62,E,05:30-14:00,62,E,05:30-13:36,62,T6,07:00-15:30,62,T6,07:00-15:06,62,B1,07:00-15:30,62,B1,07:00-15:06,62,P2,06:00-14:30,62,P2,06:00-14:06,62,P3,07:00-12:00,62,E5,07:00-11:00,62,H3,14:30-18:30,62,O,RDO,62,O,RDO,62,O,RDO,62,K3,14:30-21:00,62,K2,16:00-20:30,,,,,,,62,E1,05:30-14:00,62,E1,05:30-13:36,62,T6,16:30-21:00,62,O,RDO
63,E,05:30-14:00,63,E,05:30-13:36,63,T6,07:00-15:30,63,T6,07:00-15:06,63,B1,07:00-15:30,63,B1,07:00-15:06,63,P2,06:00-14:30,63,P2,06:00-14:06,63,P3,07:00-12:00,63,E4,07:00-11:00,63,H3,14:30-18:30,63,M1,14:30-18:30,63,O,RDO,63,O,RDO,63,K3,14:30-21:00,63,K2,16:00-20:30,,,,,,,63,E1,05:30-14:00,63,E1,05:30-13:36,63,T6,16:30-21:00,63,O,RDO
64,E,05:30-14:00,64,E,05:30-13:36,64,T6,07:00-15:30,64,T6,07:00-15:06,64,B1,07:00-15:30,64,B1,07:00-15:06,64,P2,06:00-14:30,64,P2,06:00-14:06,64,P3,07:00-12:00,64,E4,07:00-11:00,64,H2,14:30-18:30,64,M1,14:30-18:30,64,O,RDO,64,O,RDO,64,K3,14:30-21:00,64,K2,16:00-20:30,,,,,,,64,E1,05:30-14:00,64,E1,05:30-13:36,64,T6,16:30-21:00,64,O,RDO
65,O,RDO,65,O,RDO,65,O,RDO,65,O,RDO,65,O,RDO,65,O,RDO,65,O,RDO,65,O,RDO,65,O,RDO,65,E4,07:00-11:00,65,H2,14:30-18:30,65,M2,14:30-18:30,65,D2,07:00-15:30,65,D2,07:00-15:06,65,K+,08:00-16:30,65,K2,16:00-20:30,,,,,,,65,O,RDO,65,O,RDO,65,O,RDO,65,T4,16:30-21:00
66,O,RDO,66,O,RDO,66,O,RDO,66,O,RDO,66,O,RDO,66,O,RDO,66,O,RDO,66,O,RDO,66,O,RDO,66,O,RDO,66,O,RDO,66,M2,14:30-18:30,66,D2,07:00-15:30,66,D2,07:00-15:06,66,K,08:00-14:30,66,K2,16:00-20:00,,,,,,,66,O,RDO,66,O,RDO,66,O,RDO,66,T4,16:30-21:00
67,L,12:30-21:00,67,L,12:56-21:00,67,T6,07:00-15:30,67,T6,07:00-15:06,67,B3,07:00-15:30,67,B3,07:00-15:06,67,P1,06:00-14:30,67,P1,06:00-14:06,67,O,RDO,67,O,RDO,67,O,RDO,67,E3,07:00-11:00,67,D2,07:00-15:30,67,D2,07:00-15:06,67,K,08:00-14:30,67,K2,16:00-20:00,,,,,,,67,L,08:30-17:00,67,L,08:57-16:48,67,T3,16:30-21:00,67,T4,16:30-21:00
68,L,12:30-21:00,68,L,12:56-21:00,68,T6,07:00-15:30,68,T6,07:00-15:06,68,B3,07:00-15:30,68,B3,07:00-15:06,68,P1,06:00-14:30,68,P1,06:00-14:06,68,P6,14:30-19:30,68,E3,07:00-11:00,68,H1,14:30-18:30,68,O,RDO,68,D2,07:00-15:30,68,D2,07:00-15:06,68,O,RDO,68,O,RDO,,,,,,,68,L,08:30-17:00,68,L,08:57-16:48,68,T6,16:30-21:00,68,T4,16:30-21:00
69,L,12:30-21:00,69,L,12:56-21:00,69,T6,07:00-15:30,69,T6,07:00-15:06,69,B3,07:00-15:30,69,B3,07:00-15:06,69,P1,06:00-14:30,69,P1,06:00-14:06,69,P6,14:30-19:30,69,E3,07:00-11:00,69,H1,14:30-18:30,69,O,RDO,69,D2,07:00-15:30,69,D2,07:00-15:06,69,O,RDO,69,O,RDO,,,,,,,69,E,07:45-16:15,69,E,07:57-16:03,69,T6,16:30-21:00,69,T4,16:30-21:00
70,E,05:30-14:00,70,E,05:30-13:36,70,T6,07:00-15:30,70,T6,07:00-15:06,70,B1,07:00-15:30,70,B1,07:00-15:06,70,P1,06:00-14:30,70,P1,06:00-14:06,70,P3,07:00-12:00,70,E5,07:00-11:00,70,H3,14:30-18:30,70,M1,14:30-18:30,70,O,RDO,70,O,RDO,70,O,RDO,70,O,RDO,,,,,,,70,E1,05:30-14:00,70,E1,05:30-13:36,70,T6,16:30-21:00,70,O,RDO
71,E,05:30-14:00,71,E,05:30-13:36,71,T1,07:00-15:30,71,T1,07:00-15:06,71,B1,07:00-15:30,71,B1,07:00-15:06,71,P1,06:00-14:30,71,P1,06:00-14:06,71,P3,07:00-12:00,71,E5,07:00-11:00,71,H3,14:30-18:30,71,M1,14:30-18:30,71,O,RDO,71,O,RDO,71,K3,14:30-21:00,71,K2,16:00-20:30,,,,,,,71,E1,05:30-14:00,71,E1,05:30-13:36,71,T1,16:30-21:00,71,O,RDO
72,E,05:30-14:00,72,E,05:30-13:36,72,T1,07:00-15:30,72,T1,07:00-15:06,72,B1,07:00-15:30,72,B1,07:00-15:06,72,P1,06:00-14:30,72,P1,06:00-14:06,72,P3,07:00-12:00,72,E4,07:00-11:00,72,H3,14:30-18:30,72,M2,14:30-18:30,72,O,RDO,72,O,RDO,72,K3,14:30-21:00,72,K2,16:00-20:30,,,,,,,72,E1,05:30-14:00,72,E1,05:30-13:36,72,T1,16:30-21:00,72,O,RDO
73,O,RDO,73,O,RDO,73,O,RDO,73,O,RDO,73,O,RDO,73,O,RDO,73,O,RDO,73,O,RDO,73,O,RDO,73,E4,07:00-11:00,73,O,RDO,73,M2,14:30-18:30,73,D2,07:00-15:30,73,D2,07:00-15:06,73,K3,14:30-21:00,73,K2,16:00-20:00,,,,,,,73,O,RDO,73,O,RDO,73,O,RDO,73,T4,16:30-21:00
74,O,RDO,74,O,RDO,74,O,RDO,74,O,RDO,74,O,RDO,74,O,RDO,74,O,RDO,74,O,RDO,74,O,RDO,74,O,RDO,74,O,RDO,74,M2,14:30-18:30,74,D2,07:00-15:30,74,D2,07:00-15:06,74,K,08:00-14:30,74,K2,16:00-20:00,,,,,,,74,O,RDO,74,O,RDO,74,O,RDO,74,T4,16:30-21:00
75,A,ADO,75,S,05:30-13:36,75,O,RDO,75,O,RDO,75,A,ADO,75,S,07:00-15:06,75,A,ADO,75,S,06:00-14:06,75,O,RDO,75,O,RDO,75,O,RDO,75,O,RDO,75,D2,07:00-15:30,75,D2,07:00-15:06,75,K+,08:00-16:30,75,K1,16:00-20:30,,,,,,,75,A,ADO,75,L1,11:12-19:18,75,O,RDO,75,T4,16:30-21:00
76,L,12:30-21:00,76,L,12:56-21:00,76,T1,07:00-15:30,76,T1,07:00-15:06,76,B3,07:00-15:30,76,B3,07:00-15:06,76,P2,06:00-14:30,76,P2,06:00-14:06,76,P6,14:30-19:30,76,E3,07:00-11:00,76,H1,14:30-18:30,76,O,RDO,76,D2,07:00-15:30,76,D2,07:00-15:06,76,K,08:00-14:30,76,K1,16:00-20:30,,,,,,,76,E,07:45-16:15,76,E,07:57-16:03,76,T1,16:30-21:00,76,T4,16:30-21:00
77,L,12:30-21:00,77,L,12:56-21:00,77,T1,07:00-15:30,77,T1,07:00-15:06,77,B3,07:00-15:30,77,B3,07:00-15:06,77,P2,06:00-14:30,77,P2,06:00-14:06,77,P6,14:30-19:30,77,E3,07:00-11:00,77,H1,14:30-18:30,77,M1,14:30-18:30,77,D2,07:00-15:30,77,D2,07:00-15:06,77,O,RDO,77,O,RDO,,,,,,,77,E,07:45-16:15,77,E,07:57-16:03,77,T1,16:30-21:00,77,T4,16:30-21:00
78,L,12:30-21:00,78,L,12:56-21:00,78,T1,07:00-15:30,78,T1,07:00-15:06,78,B3,07:00-15:30,78,B3,07:00-15:06,78,P2,06:00-14:30,78,P2,06:00-14:06,78,P6,14:30-19:30,78,E5,07:00-11:00,78,H1,14:30-18:30,78,M1,14:30-18:30,78,D2,07:00-15:30,78,D2,07:00-15:06,78,O,RDO,78,O,RDO,,,,,,,78,L,08:30-17:00,78,L,08:57-16:48,78,T1,16:30-21:00,78,T4,16:30-21:00
79,E,05:30-14:00,79,E,05:30-13:36,79,T1,07:00-15:30,79,T1,07:00-15:06,79,B1,07:00-15:30,79,B1,07:00-15:06,79,P2,06:00-14:30,79,P2,06:00-14:06,79,P3,07:00-12:00,79,E5,07:00-11:00,79,H3,14:30-18:30,79,M1,14:30-18:30,79,A,ADO,79,S,07:00-15:06,79,O,RDO,79,O,RDO,,,,,,,79,E1,05:30-14:00,79,E1,05:30-13:36,79,T1,16:30-21:00,79,O,RDO
80,E,05:30-14:00,80,E,05:30-13:36,80,T1,07:00-15:30,80,T1,07:00-15:06,80,B1,07:00-15:30,80,B1,07:00-15:06,80,P2,06:00-14:30,80,P2,06:00-14:06,80,P3,07:00-12:00,80,E4,07:00-11:00,80,H3,14:30-18:30,80,E3,07:00-11:00,80,O,RDO,80,O,RDO,80,K3,14:30-21:00,80,K1,16:00-20:00,,,,,,,80,E1,05:30-14:00,80,E1,05:30-13:36,80,T1,16:30-21:00,80,O,RDO
81,E,05:30-14:00,81,E,05:30-13:36,81,T1,07:00-15:30,81,T1,07:00-15:06,81,B1,07:00-15:30,81,B1,07:00-15:06,81,P2,06:00-14:30,81,P2,06:00-14:06,81,P3,07:00-12:00,81,E4,07:00-11:00,81,H3,14:30-18:30,81,M2,14:30-18:30,81,O,RDO,81,O,RDO,81,K3,14:30-21:00,81,K1,16:00-20:00,,,,,,,81,E1,05:30-14:00,81,E1,05:30-13:36,81,T1,16:30-21:00,81,O,RDO
82,O,RDO,82,O,RDO,82,O,RDO,82,O,RDO,82,O,RDO,82,O,RDO,82,O,RDO,82,O,RDO,82,O,RDO,82,O,RDO,82,O,RDO,82,M2,14:30-18:30,82,D2,07:00-15:30,82,D2,07:00-15:06,82,K3,14:30-21:00,82,K2,16:00-20:30,,,,,,,82,O,RDO,82,O,RDO,82,O,RDO,82,T4,16:30-21:00
83,O,RDO,83,O,RDO,83,O,RDO,83,O,RDO,83,O,RDO,83,O,RDO,83,O,RDO,83,O,RDO,83,O,RDO,83,O,RDO,83,O,RDO,83,O,RDO,83,D2,07:00-15:30,83,D2,07:00-15:06,83,K,08:00-14:30,83,K1,16:00-20:30,,,,,,,83,O,RDO,83,O,RDO,83,O,RDO,83,T4,16:30-21:00
84,L,12:30-21:00,84,L,12:56-21:00,84,T1,07:00-15:30,84,T1,07:00-15:06,84,S,07:00-15:30,84,S,07:00-15:06,84,S,06:00-14:30,84,S,06:00-14:06,84,P6,14:30-19:30,84,E3,07:00-11:00,84,H1,14:30-18:30,84,O,RDO,84,D2,07:00-15:30,84,D2,07:00-15:06,84,K+,08:00-16:30,84,K1,16:00-20:30,,,,,,,84,E,07:45-16:15,84,E,07:57-16:03,84,O,RDO,84,T4,16:30-21:00
,,,,,,85,T2,07:00-15:30,85,T2,07:00-15:06,,,,,,,,,,,,,85,P7,14:30-19:30,85,E5,07:00-11:00,85,H3,14:30-18:30,,,,85,D3,12:00-20:30,85,D3,12:00-20:06,,,,,,,,,,,,,85,E,07:45-16:15,85,E,07:57-16:03,85,T2,16:30-21:00,,,
,,,,,,86,T2,07:00-15:30,86,T2,07:00-15:06,,,,,,,,,,,,,86,P7,14:30-19:30,86,E5,07:00-11:00,86,H3,14:30-18:30,,,,86,D3,12:00-20:30,86,D3,12:00-20:06,,,,,,,,,,,,,86,L,08:30-17:00,86,L,08:57-16:48,86,T2,16:30-21:00,,,
,,,,,,87,T2,07:00-15:30,87,T2,07:00-15:06,,,,,,,,,,,,,87,P4,07:00-12:00,87,E5,07:00-11:00,87,H3,14:30-18:30,,,,87,O,RDO,87,O,RDO,,,,,,,,,,,,,87,E2,05:30-14:00,87,E2,05:30-13:36,87,T2,16:30-21:00,,,
,,,,,,88,T2,07:00-15:30,88,T2,07:00-15:06,,,,,,,,,,,,,88,P4,07:00-12:00,88,O,RDO,88,O,RDO,,,,88,O,RDO,88,O,RDO,,,,,,,,,,,,,88,E2,05:30-14:00,88,E2,05:30-13:36,88,T2,16:30-21:00,,,
,,,,,,89,T2,07:00-15:30,89,T2,07:00-15:06,,,,,,,,,,,,,89,P4,07:00-12:00,89,O,RDO,89,O,RDO,,,,89,O,RDO,89,O,RDO,,,,,,,,,,,,,89,E2,05:30-14:00,89,E2,05:30-13:36,89,T2,16:30-21:00,,,
,,,,,,90,O,RDO,90,O,RDO,,,,,,,,,,,,,90,O,RDO,90,O,RDO,90,O,RDO,,,,90,E2,06:00-14:30,90,E2,06:00-14:06,,,,,,,,,,,,,90,A,ADO,90,S,07:00-15:06,90,O,RDO,,,
,,,,,,91,O,RDO,91,O,RDO,,,,,,,,,,,,,91,O,RDO,91,E5,07:00-11:00,91,O,RDO,,,,91,E2,06:00-14:30,91,E2,06:00-14:06,,,,,,,,,,,,,91,O,RDO,91,O,RDO,91,O,RDO,,,
,,,,,,92,O,RDO,92,O,RDO,,,,,,,,,,,,,92,O,RDO,92,E5,07:00-11:00,92,H3,14:30-18:30,,,,92,E2,06:00-14:30,92,E2,06:00-14:06,,,,,,,,,,,,,92,O,RDO,92,O,RDO,92,O,RDO,,,
,,,,,,93,T2,07:00-15:30,93,T2,07:00-15:06,,,,,,,,,,,,,93,P7,14:30-19:30,93,E5,07:00-11:00,93,H3,14:30-18:30,,,,93,D3,12:00-20:30,93,D3,12:00-20:06,,,,,,,,,,,,,93,L,08:30-17:00,93,L,08:57-16:48,93,T2,16:30-21:00,,,
,,,,,,94,T2,07:00-15:30,94,T2,07:00-15:06,,,,,,,,,,,,,94,P7,14:30-19:30,94,E5,07:00-11:00,94,H3,14:30-18:30,,,,94,D3,12:00-20:30,94,D3,12:00-20:06,,,,,,,,,,,,,94,L,08:30-17:00,94,L,08:57-16:48,94,T2,16:30-21:00,,,
,,,,,,95,T2,07:00-15:30,95,T2,07:00-15:06,,,,,,,,,,,,,95,P7,14:30-19:30,95,E5,07:00-11:00,95,H3,14:30-18:30,,,,95,O,RDO,95,O,RDO,,,,,,,,,,,,,95,E2,05:30-14:00,95,E2,05:30-13:36,95,T2,16:30-21:00,,,
,,,,,,96,T2,07:00-15:30,96,T2,07:00-15:06,,,,,,,,,,,,,96,P4,07:00-12:00,96,E5,07:00-11:00,96,H3,14:30-18:30,,,,96,O,RDO,96,O,RDO,,,,,,,,,,,,,96,E2,05:30-14:00,96,E2,05:30-13:36,96,T2,16:30-21:00,,,
,,,,,,97,T2,07:00-15:30,97,T2,07:00-15:06,,,,,,,,,,,,,97,P4,07:00-12:00,97,E5,07:00-11:00,97,H3,14:30-18:30,,,,97,O,RDO,97,O,RDO,,,,,,,,,,,,,97,E2,05:30-14:00,97,E2,05:30-13:36,97,T2,16:30-21:00,,,
,,,,,,98,A,ADO,98,S,07:00-15:06,,,,,,,,,,,,,98,P4,07:00-12:00,98,O,RDO,98,O,RDO,,,,98,S,07:00-15:30,98,S,07:00-15:06,,,,,,,,,,,,,98,O,RDO,98,O,RDO,98,T2,16:30-21:00,,,
,,,,,,99,O,RDO,99,O,RDO,,,,,,,,,,,,,99,O,RDO,99,O,RDO,99,O,RDO,,,,99,E2,06:00-14:30,99,E2,06:00-14:06,,,,,,,,,,,,,99,O,RDO,99,O,RDO,99,O,RDO,,,
,,,,,,100,O,RDO,100,O,RDO,,,,,,,,,,,,,100,O,RDO,100,E5,07:00-11:00,100,O,RDO,,,,100,E2,06:00-14:30,100,E2,06:00-14:06,,,,,,,,,,,,,100,O,RDO,100,O,RDO,100,O,RDO,,,
,,,,,,101,T3,07:00-15:30,101,T3,07:00-15:06,,,,,,,,,,,,,101,O,RDO,101,E5,07:00-11:00,101,H3,14:30-18:30,,,,101,D3,12:00-20:30,101,D3,12:00-20:06,,,,,,,,,,,,,101,E,07:45-16:15,101,E,05:30-13:36,101,O,RDO,,,
,,,,,,102,T3,07:00-15:30,102,T3,07:00-15:06,,,,,,,,,,,,,102,P7,14:30-19:30,102,E5,07:00-11:00,102,H3,14:30-18:30,,,,102,D3,12:00-20:30,102,D3,12:00-20:06,,,,,,,,,,,,,102,E,07:45-16:15,102,E,05:30-13:36,102,T3,16:30-21:00,,,
,,,,,,103,T3,07:00-15:30,103,T3,07:00-15:06,,,,,,,,,,,,,103,P7,14:30-19:30,103,E5,07:00-11:00,103,H3,14:30-18:30,,,,103,E2,06:00-14:30,103,E2,06:00-14:06,,,,,,,,,,,,,103,L,08:30-17:00,103,L,08:57-16:48,103,T3,16:30-21:00,,,
,,,,,,104,T3,07:00-15:30,104,T3,07:00-15:06,,,,,,,,,,,,,104,P4,07:00-12:00,104,E5,07:00-11:00,104,H3,14:30-18:30,,,,104,O,RDO,104,O,RDO,,,,,,,,,,,,,104,E2,05:30-14:00,104,E2,06:00-14:30,104,T3,16:30-21:00,,,
,,,,,,105,T3,07:00-15:30,105,T3,07:00-15:06,,,,,,,,,,,,,105,P4,07:00-12:00,105,E5,07:00-11:00,105,H3,14:30-18:30,,,,105,O,RDO,105,O,RDO,,,,,,,,,,,,,105,E2,05:30-14:00,105,E2,06:00-14:30,105,T3,16:30-21:00,,,
,,,,,,106,T3,07:00-15:30,106,T3,07:00-15:06,,,,,,,,,,,,,106,P4,07:00-12:00,106,O,RDO,106,H3,14:30-18:30,,,,106,A,ADO,106,S,07:00-15:06,,,,,,,,,,,,,106,E2,05:30-14:00,106,E2,06:00-14:30,106,T3,16:30-21:00,,,
,,,,,,107,O,RDO,107,O,RDO,,,,,,,,,,,,,107,O,RDO,107,O,RDO,107,O,RDO,,,,107,E2,06:00-14:30,107,E2,06:00-14:06,,,,,,,,,,,,,107,O,RDO,107,O,RDO,107,O,RDO,,,
,,,,,,108,O,RDO,108,O,RDO,,,,,,,,,,,,,108,O,RDO,108,O,RDO,108,O,RDO,,,,108,D3,12:00-20:30,108,D3,12:00-20:06,,,,,,,,,,,,,108,O,RDO,108,O,RDO,108,O,RDO,,,
,,,,,,109,O,RDO,109,O,RDO,,,,,,,,,,,,,109,O,RDO,109,E5,07:00-11:00,109,O,RDO,,,,109,D3,12:00-20:30,109,D3,12:00-20:06,,,,,,,,,,,,,109,O,RDO,109,O,RDO,109,O,RDO,,,
,,,,,,110,T3,07:00-15:30,110,T3,07:00-15:06,,,,,,,,,,,,,110,P7,14:30-19:30,110,E5,07:00-11:00,110,H3,14:30-18:30,,,,110,E2,06:00-14:30,110,E2,06:00-14:06,,,,,,,,,,,,,110,L,08:30-17:00,110,L,08:57-16:48,110,T1,16:30-21:00,,,
,,,,,,111,T3,07:00-15:30,111,T3,07:00-15:06,,,,,,,,,,,,,111,P7,14:30-19:30,111,E5,07:00-11:00,111,H3,14:30-18:30,,,,111,E2,06:00-14:30,111,E2,06:00-14:06,,,,,,,,,,,,,111,L,08:30-17:00,111,L,08:57-16:48,111,T1,16:30-21:00,,,
,,,,,,112,T3,07:00-15:30,112,T3,07:00-15:06,,,,,,,,,,,,,112,P7,14:30-19:30,112,E5,07:00-11:00,112,H3,14:30-18:30,,,,112,D4,07:00-15:30,112,D4,07:00-15:06,,,,,,,,,,,,,112,E2,05:30-14:00,112,E2,05:30-13:36,112,T1,16:30-21:00,,,
,,,,,,113,T5,07:00-15:30,113,T5,07:00-15:06,,,,,,,,,,,,,113,P4,07:00-12:00,,,,,,,,,,113,O,RDO,113,O,RDO,,,,,,,,,,,,,113,E2,05:30-14:00,113,E2,05:30-13:36,113,T5,16:30-21:00,,,
,,,,,,114,T5,07:00-15:30,114,T5,07:00-15:06,,,,,,,,,,,,,114,P4,07:00-12:00,,,,,,,,,,114,O,RDO,114,O,RDO,,,,,,,,,,,,,114,E2,05:30-14:00,114,E2,05:30-13:36,114,T5,16:30-21:00,,,
,,,,,,115,O,RDO,115,O,RDO,,,,,,,,,,,,,115,O,RDO,,,,,,,,,,115,D3,12:00-20:30,115,D3,12:00-20:06,,,,,,,,,,,,,115,O,RDO,115,O,RDO,115,O,RDO,,,
,,,,,,116,O,RDO,116,O,RDO,,,,,,,,,,,,,116,O,RDO,,,,,,,,,,116,D3,12:00-20:30,116,D3,12:00-20:06,,,,,,,,,,,,,116,O,RDO,116,O,RDO,116,O,RDO,,,
,,,,,,117,O,RDO,117,O,RDO,,,,,,,,,,,,,117,O,RDO,,,,,,,,,,117,D3,12:00-20:30,117,D3,12:00-20:06,,,,,,,,,,,,,117,O,RDO,117,O,RDO,117,O,RDO,,,
,,,,,,118,T5,07:00-15:30,118,T5,07:00-15:06,,,,,,,,,,,,,118,P7,14:30-19:30,,,,,,,,,,118,D3,12:00-20:30,118,D3,12:00-20:06,,,,,,,,,,,,,118,E,07:45-16:15,118,E,07:57-16:03,118,T5,16:30-21:00,,,
,,,,,,119,T5,07:00-15:30,119,T5,07:00-15:06,,,,,,,,,,,,,119,P7,14:30-19:30,,,,,,,,,,119,D3,12:00-20:30,119,D3,12:00-20:06,,,,,,,,,,,,,119,E,07:45-16:15,119,E,07:57-16:03,119,T5,16:30-21:00,,,
,,,,,,120,T5,07:00-15:30,120,T5,07:00-15:06,,,,,,,,,,,,,120,P7,14:30-19:30,,,,,,,,,,120,D3,12:00-20:30,120,D3,12:00-20:06,,,,,,,,,,,,,120,L,08:30-17:00,120,L,12:56-21:00,120,T5,16:30-21:00,,,
,,,,,,121,T5,07:00-15:30,121,T5,07:00-15:06,,,,,,,,,,,,,121,P4,07:00-12:00,,,,,,,,,,121,A,ADO,121,S,07:00-15:06,,,,,,,,,,,,,121,E2,05:30-14:00,121,E2,05:30-13:36,121,T5,16:30-21:00,,,
,,,,,,122,T5,07:00-15:30,122,T5,07:00-15:06,,,,,,,,,,,,,122,P4,07:00-12:00,,,,,,,,,,122,O,RDO,122,O,RDO,,,,,,,,,,,,,122,E2,05:30-14:00,122,E2,05:30-13:36,122,T5,16:30-21:00,,,
,,,,,,123,O,RDO,123,O,RDO,,,,,,,,,,,,,123,P4,07:00-12:00,,,,,,,,,,123,O,RDO,123,O,RDO,,,,,,,,,,,,,123,O,RDO,123,O,RDO,123,T5,16:30-21:00,,,
,,,,,,124,O,RDO,124,O,RDO,,,,,,,,,,,,,124,O,RDO,,,,,,,,,,124,D3,12:00-20:30,124,D3,12:00-20:06,,,,,,,,,,,,,124,O,RDO,124,O,RDO,124,O,RDO,,,
,,,,,,125,A,ADO,125,S,07:00-15:06,,,,,,,,,,,,,125,O,RDO,,,,,,,,,,125,D3,12:00-20:30,125,D3,12:00-20:06,,,,,,,,,,,,,125,A,ADO,125,L1,11:12-19:18,125,O,RDO,,,
,,,,,,126,T5,07:00-15:30,126,T5,07:00-15:06,,,,,,,,,,,,,126,P6,14:30-19:30,,,,,,,,,,126,D3,12:00-20:30,126,D3,12:00-20:06,,,,,,,,,,,,,126,L,08:30-17:00,126,L,08:57-16:48,126,T5,16:30-21:00,,,
,,,,,,127,T6,07:00-15:30,127,T6,07:00-15:06,,,,,,,,,,,,,127,P7,14:30-19:30,,,,,,,,,,127,D3,12:00-20:30,127,D3,12:00-20:06,,,,,,,,,,,,,127,L,08:30-17:00,127,L,08:57-16:48,127,T6,16:30-21:00,,,
,,,,,,128,T6,07:00-15:30,128,T6,07:00-15:06,,,,,,,,,,,,,128,P7,14:30-19:30,,,,,,,,,,128,D3,12:00-20:30,128,D3,12:00-20:06,,,,,,,,,,,,,128,E,07:45-16:15,128,E,07:57-16:03,128,T6,16:30-21:00,,,
,,,,,,129,T6,07:00-15:30,129,T6,07:00-15:06,,,,,,,,,,,,,129,P7,14:30-19:30,,,,,,,,,,129,O,RDO,129,O,RDO,,,,,,,,,,,,,129,E2,05:30-14:00,129,E2,06:00-14:30,129,T6,16:30-21:00,,,
,,,,,,130,T6,07:00-15:30,130,T6,07:00-15:06,,,,,,,,,,,,,130,P4,07:00-12:00,,,,,,,,,,130,O,RDO,130,O,RDO,,,,,,,,,,,,,130,E2,05:30-14:00,130,E2,06:00-14:30,130,T6,16:30-21:00,,,
,,,,,,131,T6,07:00-15:30,131,T6,07:00-15:06,,,,,,,,,,,,,131,P4,07:00-12:00,,,,,,,,,,131,D3,12:00-20:30,131,D3,12:00-20:06,,,,,,,,,,,,,131,E2,05:30-14:00,131,E2,06:00-14:30,131,T6,16:30-21:00,,,
,,,,,,132,O,RDO,132,O,RDO,,,,,,,,,,,,,132,O,RDO,,,,,,,,,,132,D3,12:00-20:30,132,D3,12:00-20:06,,,,,,,,,,,,,132,O,RDO,132,O,RDO,132,O,RDO,,,
,,,,,,133,O,RDO,133,O,RDO,,,,,,,,,,,,,133,O,RDO,,,,,,,,,,133,D3,12:00-20:30,133,D3,12:00-20:06,,,,,,,,,,,,,133,O,RDO,133,O,RDO,133,O,RDO,,,
,,,,,,134,O,RDO,134,O,RDO,,,,,,,,,,,,,134,O,RDO,,,,,,,,,,134,D3,12:00-20:30,134,D3,12:00-20:06,,,,,,,,,,,,,134,O,RDO,134,O,RDO,134,O,RDO,,,
,,,,,,135,T6,07:00-15:30,135,T6,07:00-15:06,,,,,,,,,,,,,135,P7,14:30-19:30,,,,,,,,,,135,D3,12:00-20:30,135,D3,12:00-20:06,,,,,,,,,,,,,135,E,07:45-16:15,135,E,05:30-13:36,135,T6,16:30-21:00,,,
,,,,,,136,T6,07:00-15:30,136,T6,07:00-15:06,,,,,,,,,,,,,136,P7,14:30-19:30,,,,,,,,,,136,O,RDO,136,O,RDO,,,,,,,,,,,,,136,E,07:45-16:15,136,E,05:30-13:36,136,T6,16:30-21:00,,,
,,,,,,137,T6,07:00-15:30,137,T6,07:00-15:06,,,,,,,,,,,,,137,P7,14:30-19:30,,,,,,,,,,137,O,RDO,137,O,RDO,,,,,,,,,,,,,137,L,08:30-17:00,137,L,08:57-16:48,137,T6,16:30-21:00,,,
,,,,,,138,T6,07:00-15:30,138,T6,07:00-15:06,,,,,,,,,,,,,138,P4,07:00-12:00,,,,,,,,,,138,D3,12:00-20:30,138,D3,12:00-20:06,,,,,,,,,,,,,138,E2,05:30-14:00,138,E2,05:30-13:36,138,T6,16:30-21:00,,,
,,,,,,139,T6,07:00-15:30,139,T6,07:00-15:06,,,,,,,,,,,,,139,P4,07:00-12:00,,,,,,,,,,139,D3,12:00-20:30,139,D3,12:00-20:06,,,,,,,,,,,,,139,E2,05:30-14:00,139,E2,05:30-13:36,139,T6,16:30-21:00,,,
,,,,,,140,T6,07:00-15:30,140,T6,07:00-15:06,,,,,,,,,,,,,140,O,RDO,,,,,,,,,,140,D3,12:00-20:30,140,D3,12:00-20:06,,,,,,,,,,,,,140,L1,11:00-19:30,140,L1,11:12-19:18,140,O,RDO,,,
,,,,,,141,O,RDO,141,O,RDO,,,,,,,,,,,,,141,O,RDO,,,,,,,,,,141,D4,07:00-15:30,141,D4,07:00-15:06,,,,,,,,,,,,,141,O,RDO,141,O,RDO,141,O,RDO,,,
,,,,,,142,O,RDO,142,O,RDO,,,,,,,,,,,,,142,O,RDO,,,,,,,,,,142,D4,07:00-15:30,142,D4,07:00-15:06,,,,,,,,,,,,,142,O,RDO,142,O,RDO,142,O,RDO,,,
,,,,,,143,T1,07:00-15:30,143,T1,07:00-15:06,,,,,,,,,,,,,143,P7,14:30-19:30,,,,,,,,,,143,D4,07:00-15:30,143,D4,07:00-15:06,,,,,,,,,,,,,143,L,08:30-17:00,143,L,08:57-16:48,143,T1,16:30-21:00,,,
,,,,,,144,T1,07:00-15:30,144,T1,07:00-15:06,,,,,,,,,,,,,144,P7,14:30-19:30,,,,,,,,,,144,D4,07:00-15:30,144,D4,07:00-15:06,,,,,,,,,,,,,144,L,08:30-17:00,144,L,08:57-16:48,144,T1,16:30-21:00,,,
,,,,,,145,T1,07:00-15:30,145,T1,07:00-15:06,,,,,,,,,,,,,145,P7,14:30-19:30,,,,,,,,,,145,O,RDO,145,O,RDO,,,,,,,,,,,,,145,E,07:45-16:15,145,E,07:57-16:03,145,T1,16:30-21:00,,,
,,,,,,146,T1,07:00-15:30,146,T1,07:00-15:06,,,,,,,,,,,,,146,P4,07:00-12:00,,,,,,,,,,146,O,RDO,146,O,RDO,,,,,,,,,,,,,146,E2,05:30-14:00,146,E2,05:30-13:36,146,T1,16:30-21:00,,,
,,,,,,147,T1,07:00-15:30,147,T1,07:00-15:06,,,,,,,,,,,,,147,P4,07:00-12:00,,,,,,,,,,147,D4,07:00-15:30,147,D4,07:00-15:06,,,,,,,,,,,,,147,E2,05:30-14:00,147,E2,05:30-13:36,147,T1,16:30-21:00,,,
,,,,,,148,T1,07:00-15:30,148,T1,07:00-15:06,,,,,,,,,,,,,148,P4,07:00-12:00,,,,,,,,,,148,D4,07:00-15:30,148,D4,07:00-15:06,,,,,,,,,,,,,148,E2,05:30-14:00,148,E2,05:30-13:36,148,T1,16:30-21:00,,,
,,,,,,149,O,RDO,149,O,RDO,,,,,,,,,,,,,149,O,RDO,,,,,,,,,,149,D4,07:00-15:30,149,D4,07:00-15:06,,,,,,,,,,,,,149,O,RDO,149,O,RDO,149,O,RDO,,,
,,,,,,150,O,RDO,150,O,RDO,,,,,,,,,,,,,150,O,RDO,,,,,,,,,,150,D4,07:00-15:30,150,D4,07:00-15:06,,,,,,,,,,,,,150,O,RDO,150,O,RDO,150,O,RDO,,,
,,,,,,151,T1,07:00-15:30,151,T1,07:00-15:06,,,,,,,,,,,,,151,O,RDO,,,,,,,,,,151,D4,07:00-15:30,151,D4,07:00-15:06,,,,,,,,,,,,,151,E,07:45-16:15,151,E,05:30-13:36,151,O,RDO,,,
,,,,,,152,T1,07:00-15:30,152,T1,07:00-15:06,,,,,,,,,,,,,152,P7,14:30-19:30,,,,,,,,,,152,O,RDO,152,O,RDO,,,,,,,,,,,,,152,E,07:45-16:15,152,E,05:30-13:36,152,T1,16:30-21:00,,,
,,,,,,153,T1,07:00-15:30,153,T1,07:00-15:06,,,,,,,,,,,,,153,P7,14:30-19:30,,,,,,,,,,153,O,RDO,153,O,RDO,,,,,,,,,,,,,153,L,08:30-17:00,153,L,08:57-16:48,153,T1,16:30-21:00,,,
,,,,,,154,T1,07:00-15:30,154,T1,07:00-15:06,,,,,,,,,,,,,154,P7,14:30-19:30,,,,,,,,,,154,D4,07:00-15:30,154,D4,07:00-15:06,,,,,,,,,,,,,154,E2,05:30-14:00,154,E2,06:00-14:30,154,T1,16:30-21:00,,,
,,,,,,155,T2,07:00-15:30,155,T2,07:00-15:06,,,,,,,,,,,,,155,P4,07:00-12:00,,,,,,,,,,155,D4,07:00-15:30,155,D4,07:00-15:06,,,,,,,,,,,,,155,E2,05:30-14:00,155,E2,06:00-14:30,155,T2,16:30-21:00,,,
,,,,,,156,T2,07:00-15:30,156,T2,07:00-15:06,,,,,,,,,,,,,156,P4,07:00-12:00,,,,,,,,,,156,D4,07:00-15:30,156,D4,07:00-15:06,,,,,,,,,,,,,156,E2,05:30-14:00,156,E2,06:00-14:30,156,T2,16:30-21:00,,,
,,,,,,157,O,RDO,157,O,RDO,,,,,,,,,,,,,157,P4,07:00-12:00,,,,,,,,,,157,D4,07:00-15:30,157,D4,07:00-15:06,,,,,,,,,,,,,157,O,RDO,157,O,RDO,157,T2,16:30-21:00,,,
,,,,,,158,O,RDO,158,O,RDO,,,,,,,,,,,,,158,O,RDO,,,,,,,,,,158,D4,07:00-15:30,158,D4,07:00-15:06,,,,,,,,,,,,,158,O,RDO,158,O,RDO,158,O,RDO,,,
,,,,,,159,A,ADO,159,S,07:00-15:06,,,,,,,,,,,,,159,O,RDO,,,,,,,,,,159,O,RDO,159,O,RDO,,,,,,,,,,,,,159,A,ADO,159,S,07:00-15:30,159,O,RDO,,,
,,,,,,160,T2,07:00-15:30,160,T2,07:00-15:06,,,,,,,,,,,,,160,P7,14:30-19:30,,,,,,,,,,160,O,RDO,160,O,RDO,,,,,,,,,,,,,160,L,08:30-17:00,160,L,08:57-16:48,160,T2,16:30-21:00,,,
,,,,,,161,T2,07:00-15:30,161,T2,07:00-15:06,,,,,,,,,,,,,161,P7,14:30-19:30,,,,,,,,,,161,D4,07:00-15:30,161,D4,07:00-15:06,,,,,,,,,,,,,161,L,08:30-17:00,161,L,08:57-16:48,161,T2,16:30-21:00,,,
,,,,,,162,T2,07:00-15:30,162,T2,07:00-15:06,,,,,,,,,,,,,162,P7,14:30-19:30,,,,,,,,,,162,D4,07:00-15:30,162,D4,07:00-15:06,,,,,,,,,,,,,162,E,07:45-16:15,162,E,07:57-16:03,162,T2,16:30-21:00,,,
,,,,,,163,T2,07:00-15:30,163,T2,07:00-15:06,,,,,,,,,,,,,163,P4,07:00-12:00,,,,,,,,,,163,D4,07:00-15:30,163,D4,07:00-15:06,,,,,,,,,,,,,163,E2,05:30-14:00,163,E2,05:30-13:36,163,T2,16:30-21:00,,,
,,,,,,164,T2,07:00-15:30,164,T2,07:00-15:06,,,,,,,,,,,,,164,P4,07:00-12:00,,,,,,,,,,164,D4,07:00-15:30,164,D4,07:00-15:06,,,,,,,,,,,,,164,E2,05:30-14:00,164,E2,05:30-13:36,164,T2,16:30-21:00,,,
,,,,,,165,T2,07:00-15:30,165,T2,07:00-15:06,,,,,,,,,,,,,165,P4,07:00-12:00,,,,,,,,,,165,D4,07:00-15:30,165,D4,07:00-15:06,,,,,,,,,,,,,165,E2,05:30-14:00,165,E2,05:30-13:36,165,T2,16:30-21:00,,,
,,,,,,166,O,RDO,166,O,RDO,,,,,,,,,,,,,166,O,RDO,,,,,,,,,,166,A,ADO,166,D4,07:00-15:06,,,,,,,,,,,,,166,O,RDO,166,O,RDO,166,O,RDO,,,
,,,,,,167,O,RDO,167,O,RDO,,,,,,,,,,,,,167,O,RDO,,,,,,,,,,167,O,RDO,167,O,RDO,,,,,,,,,,,,,167,O,RDO,167,O,RDO,167,O,RDO,,,
,,,,,,168,T2,07:00-15:30,168,T2,07:00-15:06,,,,,,,,,,,,,168,O,RDO,,,,,,,,,,168,O,RDO,168,O,RDO,,,,,,,,,,,,,168,L,08:30-17:00,168,L,12:56-21:00,168,T2,16:30-21:00,,,
,,,,,,169,T3,07:00-15:30,169,T3,07:00-15:06,,,,,,,,,,,,,169,P8,14:30-19:30,,,,,,,,,,,,,,,,,,,,,,,,,,,,169,L1,11:00-19:30,169,L1,11:12-19:18,169,T3,16:30-21:00,,,
,,,,,,170,T3,07:00-15:30,170,T3,07:00-15:06,,,,,,,,,,,,,170,P8,14:30-19:30,,,,,,,,,,,,,,,,,,,,,,,,,,,,170,L1,11:00-19:30,170,L1,11:12-19:18,170,T3,16:30-21:00,,,
,,,,,,171,T3,07:00-15:30,171,T3,07:00-15:06,,,,,,,,,,,,,171,P5,07:00-12:00,,,,,,,,,,,,,,,,,,,,,,,,,,,,171,L1,11:00-19:30,171,L1,11:12-19:18,171,T3,16:30-21:00,,,
,,,,,,172,T3,07:00-15:30,172,T3,07:00-15:06,,,,,,,,,,,,,172,P5,07:00-12:00,,,,,,,,,,,,,,,,,,,,,,,,,,,,172,L1,11:00-19:30,172,L1,11:12-19:18,172,T3,16:30-21:00,,,
,,,,,,173,T3,07:00-15:30,173,T3,07:00-15:06,,,,,,,,,,,,,173,P5,07:00-12:00,,,,,,,,,,,,,,,,,,,,,,,,,,,,173,O,RDO,173,O,RDO,173,T3,16:30-21:00,,,
,,,,,,174,O,RDO,174,O,RDO,,,,,,,,,,,,,174,O,RDO,,,,,,,,,,,,,,,,,,,,,,,,,,,,174,O,RDO,174,O,RDO,174,O,RDO,,,
,,,,,,175,O,RDO,175,O,RDO,,,,,,,,,,,,,175,O,RDO,,,,,,,,,,,,,,,,,,,,,,,,,,,,175,L1,11:00-19:30,175,L1,11:12-19:18,175,O,RDO,,,
,,,,,,176,O,RDO,176,O,RDO,,,,,,,,,,,,,176,O,RDO,,,,,,,,,,,,,,,,,,,,,,,,,,,,176,L1,11:00-19:30,176,L1,11:12-19:18,176,O,RDO,,,
,,,,,,177,T3,07:00-15:30,177,T3,07:00-15:06,,,,,,,,,,,,,177,P8,14:30-19:30,,,,,,,,,,,,,,,,,,,,,,,,,,,,177,L1,11:00-19:30,177,L1,11:12-19:18,177,T3,16:30-21:00,,,
,,,,,,178,T3,07:00-15:30,178,T3,07:00-15:06,,,,,,,,,,,,,178,P8,14:30-19:30,,,,,,,,,,,,,,,,,,,,,,,,,,,,178,L1,11:00-19:30,178,L1,11:12-19:18,178,T3,16:30-21:00,,,
,,,,,,179,T3,07:00-15:30,179,T3,07:00-15:06,,,,,,,,,,,,,179,P5,07:00-12:00,,,,,,,,,,,,,,,,,,,,,,,,,,,,179,L1,11:00-19:30,179,L1,11:12-19:18,179,T3,16:30-21:00,,,
,,,,,,180,T3,07:00-15:30,180,T3,07:00-15:06,,,,,,,,,,,,,180,P5,07:00-12:00,,,,,,,,,,,,,,,,,,,,,,,,,,,,180,O,RDO,180,O,RDO,180,T3,16:30-21:00,,,
,,,,,,181,T3,07:00-15:30,181,T3,07:00-15:06,,,,,,,,,,,,,181,P5,07:00-12:00,,,,,,,,,,,,,,,,,,,,,,,,,,,,181,O,RDO,181,O,RDO,181,T3,16:30-21:00,,,
,,,,,,182,A,ADO,182,S,07:00-15:06,,,,,,,,,,,,,182,O,RDO,,,,,,,,,,,,,,,,,,,,,,,,,,,,182,L1,11:00-19:30,182,L1,11:12-19:18,182,O,RDO,,,
,,,,,,183,O,RDO,183,O,RDO,,,,,,,,,,,,,183,O,RDO,,,,,,,,,,,,,,,,,,,,,,,,,,,,183,L1,11:00-19:30,183,L1,11:12-19:18,183,O,RDO,,,
,,,,,,184,O,RDO,184,O,RDO,,,,,,,,,,,,,184,O,RDO,,,,,,,,,,,,,,,,,,,,,,,,,,,,184,L1,11:00-19:30,184,L1,11:12-19:18,184,O,RDO,,,
,,,,,,185,T5,07:00-15:30,185,T5,07:00-15:06,,,,,,,,,,,,,185,P8,14:30-19:30,,,,,,,,,,,,,,,,,,,,,,,,,,,,185,L1,11:00-19:30,185,L1,11:12-19:18,185,T5,16:30-21:00,,,
,,,,,,186,T5,07:00-15:30,186,T5,07:00-15:06,,,,,,,,,,,,,186,P8,14:30-19:30,,,,,,,,,,,,,,,,,,,,,,,,,,,,186,L1,11:00-19:30,186,L1,11:12-19:18,186,T5,16:30-21:00,,,
,,,,,,187,T5,07:00-15:30,187,T5,07:00-15:06,,,,,,,,,,,,,187,P8,14:30-19:30,,,,,,,,,,,,,,,,,,,,,,,,,,,,187,O,RDO,187,O,RDO,187,T5,16:30-21:00,,,
,,,,,,188,T5,07:00-15:30,188,T5,07:00-15:06,,,,,,,,,,,,,188,P5,07:00-12:00,,,,,,,,,,,,,,,,,,,,,,,,,,,,188,O,RDO,188,O,RDO,188,T5,16:30-21:00,,,
,,,,,,189,T5,07:00-15:30,189,T5,07:00-15:06,,,,,,,,,,,,,189,P5,07:00-12:00,,,,,,,,,,,,,,,,,,,,,,,,,,,,189,L1,11:00-19:30,189,L1,11:12-19:18,189,T5,16:30-21:00,,,
,,,,,,190,T5,07:00-15:30,190,T5,07:00-15:06,,,,,,,,,,,,,190,P5,07:00-12:00,,,,,,,,,,,,,,,,,,,,,,,,,,,,190,L1,11:00-19:30,190,L1,11:12-19:18,190,T5,16:30-21:00,,,
,,,,,,191,O,RDO,191,O,RDO,,,,,,,,,,,,,191,O,RDO,,,,,,,,,,,,,,,,,,,,,,,,,,,,191,L1,11:00-19:30,191,L1,11:12-19:18,191,O,RDO,,,
,,,,,,192,O,RDO,192,O,RDO,,,,,,,,,,,,,192,O,RDO,,,,,,,,,,,,,,,,,,,,,,,,,,,,192,L1,11:00-19:30,192,L1,11:12-19:18,192,O,RDO,,,
,,,,,,193,O,RDO,193,O,RDO,,,,,,,,,,,,,193,O,RDO,,,,,,,,,,,,,,,,,,,,,,,,,,,,193,L1,11:00-19:30,193,L1,11:12-19:18,193,O,RDO,,,
,,,,,,194,T5,07:00-15:30,194,T5,07:00-15:06,,,,,,,,,,,,,194,P8,14:30-19:30,,,,,,,,,,,,,,,,,,,,,,,,,,,,194,A,ADO,194,L1,11:12-19:18,194,T5,16:30-21:00,,,
,,,,,,195,T5,07:00-15:30,195,T5,07:00-15:06,,,,,,,,,,,,,195,P8,14:30-19:30,,,,,,,,,,,,,,,,,,,,,,,,,,,,195,O,RDO,195,O,RDO,195,T5,16:30-21:00,,,
,,,,,,196,T5,07:00-15:30,196,T5,07:00-15:06,,,,,,,,,,,,,196,P8,14:30-19:30,,,,,,,,,,,,,,,,,,,,,,,,,,,,196,O,RDO,196,O,RDO,196,T5,16:30-21:00,,,
,,,,,,197,T6,07:00-15:30,197,T6,07:00-15:06,,,,,,,,,,,,,197,P5,07:00-12:00,,,,,,,,,,,,,,,,,,,,,,,,,,,,,,,,,,197,T6,16:30-21:00,,,
,,,,,,198,T6,07:00-15:30,198,T6,07:00-15:06,,,,,,,,,,,,,198,P5,07:00-12:00,,,,,,,,,,,,,,,,,,,,,,,,,,,,,,,,,,198,T6,16:30-21:00,,,
,,,,,,199,O,RDO,199,O,RDO,,,,,,,,,,,,,199,O,RDO,,,,,,,,,,,,,,,,,,,,,,,,,,,,,,,,,,199,O,RDO,,,
,,,,,,200,O,RDO,200,O,RDO,,,,,,,,,,,,,200,O,RDO,,,,,,,,,,,,,,,,,,,,,,,,,,,,,,,,,,200,O,RDO,,,
,,,,,,201,O,RDO,201,O,RDO,,,,,,,,,,,,,201,O,RDO,,,,,,,,,,,,,,,,,,,,,,,,,,,,,,,,,,201,O,RDO,,,
,,,,,,202,T6,07:00-15:30,202,T6,07:00-15:06,,,,,,,,,,,,,202,P8,14:30-19:30,,,,,,,,,,,,,,,,,,,,,,,,,,,,,,,,,,202,T6,16:30-21:00,,,
,,,,,,203,T6,07:00-15:30,203,T6,07:00-15:06,,,,,,,,,,,,,203,P8,14:30-19:30,,,,,,,,,,,,,,,,,,,,,,,,,,,,,,,,,,203,T6,16:30-21:00,,,
,,,,,,204,T6,07:00-15:30,204,T6,07:00-15:06,,,,,,,,,,,,,204,P8,14:30-19:30,,,,,,,,,,,,,,,,,,,,,,,,,,,,,,,,,,204,T6,16:30-21:00,,,
,,,,,,205,T6,07:00-15:30,205,T6,07:00-15:06,,,,,,,,,,,,,205,P5,07:00-12:00,,,,,,,,,,,,,,,,,,,,,,,,,,,,,,,,,,205,T6,16:30-21:00,,,
,,,,,,206,T6,07:00-15:30,206,T6,07:00-15:06,,,,,,,,,,,,,206,P5,07:00-12:00,,,,,,,,,,,,,,,,,,,,,,,,,,,,,,,,,,206,T6,16:30-21:00,,,
,,,,,,207,O,RDO,207,O,RDO,,,,,,,,,,,,,207,O,RDO,,,,,,,,,,,,,,,,,,,,,,,,,,,,,,,,,,207,O,RDO,,,
,,,,,,208,O,RDO,208,O,RDO,,,,,,,,,,,,,208,O,RDO,,,,,,,,,,,,,,,,,,,,,,,,,,,,,,,,,,208,O,RDO,,,
,,,,,,209,A,ADO,209,S,07:00-15:06,,,,,,,,,,,,,209,O,RDO,,,,,,,,,,,,,,,,,,,,,,,,,,,,,,,,,,209,O,RDO,,,
,,,,,,210,T6,07:00-15:30,210,T6,07:00-15:06,,,,,,,,,,,,,210,P8,14:30-19:30,,,,,,,,,,,,,,,,,,,,,,,,,,,,,,,,,,210,T6,16:30-21:00,,,
,,,,,,211,T1,07:00-15:30,211,T1,07:00-15:06,,,,,,,,,,,,,211,P8,14:30-19:30,,,,,,,,,,,,,,,,,,,,,,,,,,,,,,,,,,211,T1,16:30-21:00,,,
,,,,,,212,T1,07:00-15:30,212,T1,07:00-15:06,,,,,,,,,,,,,212,P8,14:30-19:30,,,,,,,,,,,,,,,,,,,,,,,,,,,,,,,,,,212,T1,16:30-21:00,,,
,,,,,,213,T1,07:00-15:30,213,T1,07:00-15:06,,,,,,,,,,,,,213,P5,07:00-12:00,,,,,,,,,,,,,,,,,,,,,,,,,,,,,,,,,,213,T1,16:30-21:00,,,
,,,,,,214,T1,07:00-15:30,214,T1,07:00-15:06,,,,,,,,,,,,,214,P5,07:00-12:00,,,,,,,,,,,,,,,,,,,,,,,,,,,,,,,,,,214,T1,16:30-21:00,,,
,,,,,,215,T1,07:00-15:30,215,T1,07:00-15:06,,,,,,,,,,,,,215,P5,07:00-12:00,,,,,,,,,,,,,,,,,,,,,,,,,,,,,,,,,,215,T1,16:30-21:00,,,
,,,,,,216,O,RDO,216,O,RDO,,,,,,,,,,,,,216,O,RDO,,,,,,,,,,,,,,,,,,,,,,,,,,,,,,,,,,216,O,RDO,,,
,,,,,,217,O,RDO,217,O,RDO,,,,,,,,,,,,,217,O,RDO,,,,,,,,,,,,,,,,,,,,,,,,,,,,,,,,,,217,O,RDO,,,
,,,,,,218,O,RDO,218,O,RDO,,,,,,,,,,,,,218,O,RDO,,,,,,,,,,,,,,,,,,,,,,,,,,,,,,,,,,218,O,RDO,,,
,,,,,,219,T1,07:00-15:30,219,T1,07:00-15:06,,,,,,,,,,,,,219,P8,14:30-19:30,,,,,,,,,,,,,,,,,,,,,,,,,,,,,,,,,,219,T1,16:30-21:00,,,
,,,,,,220,T1,07:00-15:30,220,T1,07:00-15:06,,,,,,,,,,,,,220,P8,14:30-19:30,,,,,,,,,,,,,,,,,,,,,,,,,,,,,,,,,,220,T1,16:30-21:00,,,
,,,,,,221,T1,07:00-15:30,221,T1,07:00-15:06,,,,,,,,,,,,,221,P8,14:30-19:30,,,,,,,,,,,,,,,,,,,,,,,,,,,,,,,,,,221,T1,16:30-21:00,,,
,,,,,,222,T1,07:00-15:30,222,T1,07:00-15:06,,,,,,,,,,,,,222,P5,07:00-12:00,,,,,,,,,,,,,,,,,,,,,,,,,,,,,,,,,,222,T1,16:30-21:00,,,
,,,,,,223,T1,07:00-15:30,223,T1,07:00-15:06,,,,,,,,,,,,,223,P5,07:00-12:00,,,,,,,,,,,,,,,,,,,,,,,,,,,,,,,,,,223,T1,16:30-21:00,,,
,,,,,,224,S,07:00-15:30,224,S,07:00-15:06,,,,,,,,,,,,,224,P5,07:00-12:00,,,,,,,,,,,,,,,,,,,,,,,,,,,,,,,,,,224,T1,16:30-21:00,,,
,,,,,,225,O,RDO,225,O,RDO,,,,,,,,,,,,,225,O,RDO,,,,,,,,,,,,,,,,,,,,,,,,,,,,,,,,,,225,O,RDO,,,
,,,,,,226,O,RDO,226,O,RDO,,,,,,,,,,,,,226,O,RDO,,,,,,,,,,,,,,,,,,,,,,,,,,,,,,,,,,226,O,RDO,,,
,,,,,,227,T2,07:00-15:30,227,T2,07:00-15:06,,,,,,,,,,,,,227,P8,14:30-19:30,,,,,,,,,,,,,,,,,,,,,,,,,,,,,,,,,,227,T2,16:30-21:00,,,
,,,,,,228,T2,07:00-15:30,228,T2,07:00-15:06,,,,,,,,,,,,,228,P8,14:30-19:30,,,,,,,,,,,,,,,,,,,,,,,,,,,,,,,,,,228,T2,16:30-21:00,,,
,,,,,,229,T2,07:00-15:30,229,T2,07:00-15:06,,,,,,,,,,,,,229,P8,14:30-19:30,,,,,,,,,,,,,,,,,,,,,,,,,,,,,,,,,,229,T2,16:30-21:00,,,
,,,,,,230,T2,07:00-15:30,230,T2,07:00-15:06,,,,,,,,,,,,,230,P5,07:00-12:00,,,,,,,,,,,,,,,,,,,,,,,,,,,,,,,,,,230,T2,16:30-21:00,,,
,,,,,,231,T2,07:00-15:30,231,T2,07:00-15:06,,,,,,,,,,,,,231,P5,07:00-12:00,,,,,,,,,,,,,,,,,,,,,,,,,,,,,,,,,,231,T2,16:30-21:00,,,
,,,,,,232,T2,07:00-15:30,232,T2,07:00-15:06,,,,,,,,,,,,,232,P5,07:00-12:00,,,,,,,,,,,,,,,,,,,,,,,,,,,,,,,,,,232,T2,16:30-21:00,,,
,,,,,,233,O,RDO,233,O,RDO,,,,,,,,,,,,,233,O,RDO,,,,,,,,,,,,,,,,,,,,,,,,,,,,,,,,,,233,O,RDO,,,
,,,,,,234,O,RDO,234,O,RDO,,,,,,,,,,,,,234,O,RDO,,,,,,,,,,,,,,,,,,,,,,,,,,,,,,,,,,234,O,RDO,,,
,,,,,,235,T2,07:00-15:30,235,T2,07:00-15:06,,,,,,,,,,,,,235,P8,14:30-19:30,,,,,,,,,,,,,,,,,,,,,,,,,,,,,,,,,,235,T2,16:30-21:00,,,
,,,,,,236,T2,07:00-15:30,236,T2,07:00-15:06,,,,,,,,,,,,,236,P8,14:30-19:30,,,,,,,,,,,,,,,,,,,,,,,,,,,,,,,,,,236,T2,16:30-21:00,,,
,,,,,,237,T2,07:00-15:30,237,T2,07:00-15:06,,,,,,,,,,,,,237,P8,14:30-19:30,,,,,,,,,,,,,,,,,,,,,,,,,,,,,,,,,,237,T2,16:30-21:00,,,
,,,,,,238,T2,07:00-15:30,238,T2,07:00-15:06,,,,,,,,,,,,,238,P5,07:00-12:00,,,,,,,,,,,,,,,,,,,,,,,,,,,,,,,,,,238,T2,16:30-21:00,,,
,,,,,,239,T3,07:00-15:30,239,T3,07:00-15:06,,,,,,,,,,,,,239,P5,07:00-12:00,,,,,,,,,,,,,,,,,,,,,,,,,,,,,,,,,,239,T3,16:30-21:00,,,
,,,,,,240,T3,07:00-15:30,240,T3,07:00-15:06,,,,,,,,,,,,,240,P5,07:00-12:00,,,,,,,,,,,,,,,,,,,,,,,,,,,,,,,,,,240,T3,16:30-21:00,,,
,,,,,,241,O,RDO,241,O,RDO,,,,,,,,,,,,,241,O,RDO,,,,,,,,,,,,,,,,,,,,,,,,,,,,,,,,,,241,O,RDO,,,
,,,,,,242,O,RDO,242,O,RDO,,,,,,,,,,,,,242,O,RDO,,,,,,,,,,,,,,,,,,,,,,,,,,,,,,,,,,242,O,RDO,,,
,,,,,,243,A,ADO,243,S,07:00-15:06,,,,,,,,,,,,,243,O,RDO,,,,,,,,,,,,,,,,,,,,,,,,,,,,,,,,,,243,O,RDO,,,
,,,,,,244,T3,07:00-15:30,244,T3,07:00-15:06,,,,,,,,,,,,,244,P8,14:30-19:30,,,,,,,,,,,,,,,,,,,,,,,,,,,,,,,,,,244,T3,16:30-21:00,,,
,,,,,,245,T3,07:00-15:30,245,T3,07:00-15:06,,,,,,,,,,,,,245,P8,14:30-19:30,,,,,,,,,,,,,,,,,,,,,,,,,,,,,,,,,,245,T3,16:30-21:00,,,
,,,,,,246,T3,07:00-15:30,246,T3,07:00-15:06,,,,,,,,,,,,,246,P8,14:30-19:30,,,,,,,,,,,,,,,,,,,,,,,,,,,,,,,,,,246,T3,16:30-21:00,,,
,,,,,,247,T3,07:00-15:30,247,T3,07:00-15:06,,,,,,,,,,,,,247,P5,07:00-12:00,,,,,,,,,,,,,,,,,,,,,,,,,,,,,,,,,,247,T3,16:30-21:00,,,
,,,,,,248,T3,07:00-15:30,248,T3,07:00-15:06,,,,,,,,,,,,,248,P5,07:00-12:00,,,,,,,,,,,,,,,,,,,,,,,,,,,,,,,,,,248,T3,16:30-21:00,,,
,,,,,,249,T3,07:00-15:30,249,T3,07:00-15:06,,,,,,,,,,,,,249,P5,07:00-12:00,,,,,,,,,,,,,,,,,,,,,,,,,,,,,,,,,,249,T3,16:30-21:00,,,
,,,,,,250,O,RDO,250,O,RDO,,,,,,,,,,,,,250,O,RDO,,,,,,,,,,,,,,,,,,,,,,,,,,,,,,,,,,250,O,RDO,,,
,,,,,,251,O,RDO,251,O,RDO,,,,,,,,,,,,,251,O,RDO,,,,,,,,,,,,,,,,,,,,,,,,,,,,,,,,,,251,O,RDO,,,
,,,,,,252,S,07:00-15:30,252,S,07:00-15:06,,,,,,,,,,,,,252,O,RDO,,,,,,,,,,,,,,,,,,,,,,,,,,,,,,,,,,252,O,RDO,,,
,,,,,,253,T5,07:00-15:30,253,T5,07:00-15:06,,,,,,,,,,,,,,,,,,,,,,,,,,,,,,,,,,,,,,,,,,,,,,,,,253,T5,16:30-21:00,,,
,,,,,,254,T5,07:00-15:30,254,T5,07:00-15:06,,,,,,,,,,,,,,,,,,,,,,,,,,,,,,,,,,,,,,,,,,,,,,,,,254,T5,16:30-21:00,,,
,,,,,,255,T5,07:00-15:30,255,T5,07:00-15:06,,,,,,,,,,,,,,,,,,,,,,,,,,,,,,,,,,,,,,,,,,,,,,,,,255,T5,16:30-21:00,,,
,,,,,,256,T5,07:00-15:30,256,T5,07:00-15:06,,,,,,,,,,,,,,,,,,,,,,,,,,,,,,,,,,,,,,,,,,,,,,,,,256,T5,16:30-21:00,,,
,,,,,,257,T5,07:00-15:30,257,T5,07:00-15:06,,,,,,,,,,,,,,,,,,,,,,,,,,,,,,,,,,,,,,,,,,,,,,,,,257,T5,16:30-21:00,,,
,,,,,,258,O,RDO,258,O,RDO,,,,,,,,,,,,,,,,,,,,,,,,,,,,,,,,,,,,,,,,,,,,,,,,,258,O,RDO,,,
,,,,,,259,O,RDO,259,O,RDO,,,,,,,,,,,,,,,,,,,,,,,,,,,,,,,,,,,,,,,,,,,,,,,,,259,O,RDO,,,
,,,,,,260,O,RDO,260,O,RDO,,,,,,,,,,,,,,,,,,,,,,,,,,,,,,,,,,,,,,,,,,,,,,,,,260,O,RDO,,,
,,,,,,261,T5,07:00-15:30,261,T5,07:00-15:06,,,,,,,,,,,,,,,,,,,,,,,,,,,,,,,,,,,,,,,,,,,,,,,,,261,T5,16:30-21:00,,,
,,,,,,262,T5,07:00-15:30,262,T5,07:00-15:06,,,,,,,,,,,,,,,,,,,,,,,,,,,,,,,,,,,,,,,,,,,,,,,,,262,T5,16:30-21:00,,,
,,,,,,263,T5,07:00-15:30,263,T5,07:00-15:06,,,,,,,,,,,,,,,,,,,,,,,,,,,,,,,,,,,,,,,,,,,,,,,,,263,T5,16:30-21:00,,,
,,,,,,264,T5,07:00-15:30,264,T5,07:00-15:06,,,,,,,,,,,,,,,,,,,,,,,,,,,,,,,,,,,,,,,,,,,,,,,,,264,T5,16:30-21:00,,,
,,,,,,265,T5,07:00-15:30,265,T5,07:00-15:06,,,,,,,,,,,,,,,,,,,,,,,,,,,,,,,,,,,,,,,,,,,,,,,,,265,T5,16:30-21:00,,,
,,,,,,266,O,RDO,266,O,RDO,,,,,,,,,,,,,,,,,,,,,,,,,,,,,,,,,,,,,,,,,,,,,,,,,266,O,RDO,,,
,,,,,,267,O,RDO,267,O,RDO,,,,,,,,,,,,,,,,,,,,,,,,,,,,,,,,,,,,,,,,,,,,,,,,,267,O,RDO,,,
,,,,,,268,O,RDO,268,O,RDO,,,,,,,,,,,,,,,,,,,,,,,,,,,,,,,,,,,,,,,,,,,,,,,,,268,O,RDO,,,
,,,,,,269,T6,07:00-15:30,269,T6,07:00-15:06,,,,,,,,,,,,,,,,,,,,,,,,,,,,,,,,,,,,,,,,,,,,,,,,,269,O,RDO,,,
,,,,,,270,T6,07:00-15:30,270,T6,07:00-15:06,,,,,,,,,,,,,,,,,,,,,,,,,,,,,,,,,,,,,,,,,,,,,,,,,270,T6,16:30-21:00,,,
,,,,,,271,T6,07:00-15:30,271,T6,07:00-15:06,,,,,,,,,,,,,,,,,,,,,,,,,,,,,,,,,,,,,,,,,,,,,,,,,271,T6,16:30-21:00,,,
,,,,,,272,T6,07:00-15:30,272,T6,07:00-15:06,,,,,,,,,,,,,,,,,,,,,,,,,,,,,,,,,,,,,,,,,,,,,,,,,272,T6,16:30-21:00,,,
,,,,,,273,T6,07:00-15:30,273,T6,07:00-15:06,,,,,,,,,,,,,,,,,,,,,,,,,,,,,,,,,,,,,,,,,,,,,,,,,273,T6,16:30-21:00,,,
,,,,,,274,T6,07:00-15:30,274,T6,07:00-15:06,,,,,,,,,,,,,,,,,,,,,,,,,,,,,,,,,,,,,,,,,,,,,,,,,274,T6,16:30-21:00,,,
,,,,,,275,A,ADO,275,S,07:00-15:06,,,,,,,,,,,,,,,,,,,,,,,,,,,,,,,,,,,,,,,,,,,,,,,,,275,O,RDO,,,
,,,,,,276,O,RDO,276,O,RDO,,,,,,,,,,,,,,,,,,,,,,,,,,,,,,,,,,,,,,,,,,,,,,,,,276,O,RDO,,,
,,,,,,277,O,RDO,277,O,RDO,,,,,,,,,,,,,,,,,,,,,,,,,,,,,,,,,,,,,,,,,,,,,,,,,277,O,RDO,,,
,,,,,,278,T6,07:00-15:30,278,T6,07:00-15:06,,,,,,,,,,,,,,,,,,,,,,,,,,,,,,,,,,,,,,,,,,,,,,,,,278,T6,16:30-21:00,,,
,,,,,,279,T6,07:00-15:30,279,T6,07:00-15:06,,,,,,,,,,,,,,,,,,,,,,,,,,,,,,,,,,,,,,,,,,,,,,,,,279,T6,16:30-21:00,,,
,,,,,,280,T6,07:00-15:30,280,T6,07:00-15:06,,,,,,,,,,,,,,,,,,,,,,,,,,,,,,,,,,,,,,,,,,,,,,,,,280,T6,16:30-21:00,,,
,,,,,,281,T1,07:00-15:30,281,T1,07:00-15:06,,,,,,,,,,,,,,,,,,,,,,,,,,,,,,,,,,,,,,,,,,,,,,,,,281,T1,16:30-21:00,,,
,,,,,,282,T1,07:00-15:30,282,T1,07:00-15:06,,,,,,,,,,,,,,,,,,,,,,,,,,,,,,,,,,,,,,,,,,,,,,,,,282,T1,16:30-21:00,,,
,,,,,,283,O,RDO,283,O,RDO,,,,,,,,,,,,,,,,,,,,,,,,,,,,,,,,,,,,,,,,,,,,,,,,,283,O,RDO,,,
,,,,,,284,O,RDO,284,O,RDO,,,,,,,,,,,,,,,,,,,,,,,,,,,,,,,,,,,,,,,,,,,,,,,,,284,O,RDO,,,
,,,,,,285,O,RDO,285,O,RDO,,,,,,,,,,,,,,,,,,,,,,,,,,,,,,,,,,,,,,,,,,,,,,,,,285,O,RDO,,,
,,,,,,286,T1,07:00-15:30,286,T1,07:00-15:06,,,,,,,,,,,,,,,,,,,,,,,,,,,,,,,,,,,,,,,,,,,,,,,,,286,T1,16:30-21:00,,,
,,,,,,287,T1,07:00-15:30,287,T1,07:00-15:06,,,,,,,,,,,,,,,,,,,,,,,,,,,,,,,,,,,,,,,,,,,,,,,,,287,T1,16:30-21:00,,,
,,,,,,288,T1,07:00-15:30,288,T1,07:00-15:06,,,,,,,,,,,,,,,,,,,,,,,,,,,,,,,,,,,,,,,,,,,,,,,,,288,T1,16:30-21:00,,,
,,,,,,289,T1,07:00-15:30,289,T1,07:00-15:06,,,,,,,,,,,,,,,,,,,,,,,,,,,,,,,,,,,,,,,,,,,,,,,,,289,T1,16:30-21:00,,,
,,,,,,290,T1,07:00-15:30,290,T1,07:00-15:06,,,,,,,,,,,,,,,,,,,,,,,,,,,,,,,,,,,,,,,,,,,,,,,,,290,T1,16:30-21:00,,,
,,,,,,291,O,RDO,291,O,RDO,,,,,,,,,,,,,,,,,,,,,,,,,,,,,,,,,,,,,,,,,,,,,,,,,291,T1,16:30-21:00,,,
,,,,,,292,O,RDO,292,O,RDO,,,,,,,,,,,,,,,,,,,,,,,,,,,,,,,,,,,,,,,,,,,,,,,,,292,O,RDO,,,
,,,,,,293,A,ADO,293,S,07:00-15:06,,,,,,,,,,,,,,,,,,,,,,,,,,,,,,,,,,,,,,,,,,,,,,,,,293,O,RDO,,,
,,,,,,294,T1,07:00-15:30,294,T1,07:00-15:06,,,,,,,,,,,,,,,,,,,,,,,,,,,,,,,,,,,,,,,,,,,,,,,,,294,T1,16:30-21:00,,,
,,,,,,295,T2,07:00-15:30,295,T2,07:00-15:06,,,,,,,,,,,,,,,,,,,,,,,,,,,,,,,,,,,,,,,,,,,,,,,,,295,T2,16:30-21:00,,,
,,,,,,296,T2,07:00-15:30,296,T2,07:00-15:06,,,,,,,,,,,,,,,,,,,,,,,,,,,,,,,,,,,,,,,,,,,,,,,,,296,T2,16:30-21:00,,,
,,,,,,297,T2,07:00-15:30,297,T2,07:00-15:06,,,,,,,,,,,,,,,,,,,,,,,,,,,,,,,,,,,,,,,,,,,,,,,,,297,T2,16:30-21:00,,,
,,,,,,298,T2,07:00-15:30,298,T2,07:00-15:06,,,,,,,,,,,,,,,,,,,,,,,,,,,,,,,,,,,,,,,,,,,,,,,,,298,T2,16:30-21:00,,,
,,,,,,299,T2,07:00-15:30,299,T2,07:00-15:06,,,,,,,,,,,,,,,,,,,,,,,,,,,,,,,,,,,,,,,,,,,,,,,,,299,T2,16:30-21:00,,,
,,,,,,300,O,RDO,300,O,RDO,,,,,,,,,,,,,,,,,,,,,,,,,,,,,,,,,,,,,,,,,,,,,,,,,300,O,RDO,,,
,,,,,,301,O,RDO,301,O,RDO,,,,,,,,,,,,,,,,,,,,,,,,,,,,,,,,,,,,,,,,,,,,,,,,,301,O,RDO,,,
,,,,,,302,O,RDO,302,O,RDO,,,,,,,,,,,,,,,,,,,,,,,,,,,,,,,,,,,,,,,,,,,,,,,,,302,O,RDO,,,
,,,,,,303,T2,07:00-15:30,303,T2,07:00-15:06,,,,,,,,,,,,,,,,,,,,,,,,,,,,,,,,,,,,,,,,,,,,,,,,,303,T2,16:30-21:00,,,
,,,,,,304,T2,07:00-15:30,304,T2,07:00-15:06,,,,,,,,,,,,,,,,,,,,,,,,,,,,,,,,,,,,,,,,,,,,,,,,,304,T2,16:30-21:00,,,
,,,,,,305,T2,07:00-15:30,305,T2,07:00-15:06,,,,,,,,,,,,,,,,,,,,,,,,,,,,,,,,,,,,,,,,,,,,,,,,,305,T2,16:30-21:00,,,
,,,,,,306,T2,07:00-15:30,306,T2,07:00-15:06,,,,,,,,,,,,,,,,,,,,,,,,,,,,,,,,,,,,,,,,,,,,,,,,,306,T2,16:30-21:00,,,
,,,,,,307,T2,07:00-15:30,307,T2,07:00-15:06,,,,,,,,,,,,,,,,,,,,,,,,,,,,,,,,,,,,,,,,,,,,,,,,,307,T2,16:30-21:00,,,
,,,,,,308,S,07:00-15:30,308,S,07:00-15:06,,,,,,,,,,,,,,,,,,,,,,,,,,,,,,,,,,,,,,,,,,,,,,,,,308,O,RDO,,,
,,,,,,309,O,RDO,309,O,RDO,,,,,,,,,,,,,,,,,,,,,,,,,,,,,,,,,,,,,,,,,,,,,,,,,309,O,RDO,,,
,,,,,,310,O,RDO,310,O,RDO,,,,,,,,,,,,,,,,,,,,,,,,,,,,,,,,,,,,,,,,,,,,,,,,,310,O,RDO,,,
,,,,,,311,T3,07:00-15:30,311,T3,07:00-15:06,,,,,,,,,,,,,,,,,,,,,,,,,,,,,,,,,,,,,,,,,,,,,,,,,311,T3,16:30-21:00,,,
,,,,,,312,T3,07:00-15:30,312,T3,07:00-15:06,,,,,,,,,,,,,,,,,,,,,,,,,,,,,,,,,,,,,,,,,,,,,,,,,312,T3,16:30-21:00,,,
,,,,,,313,T3,07:00-15:30,313,T3,07:00-15:06,,,,,,,,,,,,,,,,,,,,,,,,,,,,,,,,,,,,,,,,,,,,,,,,,313,T3,16:30-21:00,,,
,,,,,,314,T3,07:00-15:30,314,T3,07:00-15:06,,,,,,,,,,,,,,,,,,,,,,,,,,,,,,,,,,,,,,,,,,,,,,,,,314,T3,16:30-21:00,,,
,,,,,,315,T3,07:00-15:30,315,T3,07:00-15:06,,,,,,,,,,,,,,,,,,,,,,,,,,,,,,,,,,,,,,,,,,,,,,,,,315,T3,16:30-21:00,,,
,,,,,,316,T3,07:00-15:30,316,T3,07:00-15:06,,,,,,,,,,,,,,,,,,,,,,,,,,,,,,,,,,,,,,,,,,,,,,,,,316,T3,16:30-21:00,,,
,,,,,,317,O,RDO,317,O,RDO,,,,,,,,,,,,,,,,,,,,,,,,,,,,,,,,,,,,,,,,,,,,,,,,,317,O,RDO,,,
,,,,,,318,O,RDO,318,O,RDO,,,,,,,,,,,,,,,,,,,,,,,,,,,,,,,,,,,,,,,,,,,,,,,,,318,O,RDO,,,
,,,,,,319,T3,07:00-15:30,319,T3,07:00-15:06,,,,,,,,,,,,,,,,,,,,,,,,,,,,,,,,,,,,,,,,,,,,,,,,,319,O,RDO,,,
,,,,,,320,T3,07:00-15:30,320,T3,07:00-15:06,,,,,,,,,,,,,,,,,,,,,,,,,,,,,,,,,,,,,,,,,,,,,,,,,320,T3,16:30-21:00,,,
,,,,,,321,T3,07:00-15:30,321,T3,07:00-15:06,,,,,,,,,,,,,,,,,,,,,,,,,,,,,,,,,,,,,,,,,,,,,,,,,321,T3,16:30-21:00,,,
,,,,,,322,T3,07:00-15:30,322,T3,07:00-15:06,,,,,,,,,,,,,,,,,,,,,,,,,,,,,,,,,,,,,,,,,,,,,,,,,322,T3,16:30-21:00,,,
,,,,,,323,T5,07:00-15:30,323,T5,07:00-15:06,,,,,,,,,,,,,,,,,,,,,,,,,,,,,,,,,,,,,,,,,,,,,,,,,323,T5,16:30-21:00,,,
,,,,,,324,T5,07:00-15:30,324,T5,07:00-15:06,,,,,,,,,,,,,,,,,,,,,,,,,,,,,,,,,,,,,,,,,,,,,,,,,324,T5,16:30-21:00,,,
,,,,,,325,O,RDO,325,O,RDO,,,,,,,,,,,,,,,,,,,,,,,,,,,,,,,,,,,,,,,,,,,,,,,,,325,T5,16:30-21:00,,,
,,,,,,326,O,RDO,326,O,RDO,,,,,,,,,,,,,,,,,,,,,,,,,,,,,,,,,,,,,,,,,,,,,,,,,326,O,RDO,,,
,,,,,,327,A,ADO,327,S,07:00-15:06,,,,,,,,,,,,,,,,,,,,,,,,,,,,,,,,,,,,,,,,,,,,,,,,,327,O,RDO,,,
,,,,,,328,T5,07:00-15:30,328,T5,07:00-15:06,,,,,,,,,,,,,,,,,,,,,,,,,,,,,,,,,,,,,,,,,,,,,,,,,328,T5,16:30-21:00,,,
,,,,,,329,T5,07:00-15:30,329,T5,07:00-15:06,,,,,,,,,,,,,,,,,,,,,,,,,,,,,,,,,,,,,,,,,,,,,,,,,329,T5,16:30-21:00,,,
,,,,,,330,T5,07:00-15:30,330,T5,07:00-15:06,,,,,,,,,,,,,,,,,,,,,,,,,,,,,,,,,,,,,,,,,,,,,,,,,330,T5,16:30-21:00,,,
,,,,,,331,T5,07:00-15:30,331,T5,07:00-15:06,,,,,,,,,,,,,,,,,,,,,,,,,,,,,,,,,,,,,,,,,,,,,,,,,331,T5,16:30-21:00,,,
,,,,,,332,T5,07:00-15:30,332,T5,07:00-15:06,,,,,,,,,,,,,,,,,,,,,,,,,,,,,,,,,,,,,,,,,,,,,,,,,332,T5,16:30-21:00,,,
,,,,,,333,T5,07:00-15:30,333,T5,07:00-15:06,,,,,,,,,,,,,,,,,,,,,,,,,,,,,,,,,,,,,,,,,,,,,,,,,333,T5,16:30-21:00,,,
,,,,,,334,O,RDO,334,O,RDO,,,,,,,,,,,,,,,,,,,,,,,,,,,,,,,,,,,,,,,,,,,,,,,,,334,O,RDO,,,
,,,,,,335,O,RDO,335,O,RDO,,,,,,,,,,,,,,,,,,,,,,,,,,,,,,,,,,,,,,,,,,,,,,,,,335,O,RDO,,,
,,,,,,336,S,07:00-15:30,336,S,07:00-15:06,,,,,,,,,,,,,,,,,,,,,,,,,,,,,,,,,,,,,,,,,,,,,,,,,336,T5,16:30-21:00,,,
,,,,,,337,T6,07:00-15:30,337,T6,07:00-15:06,,,,,,,,,,,,,,,,,,,,,,,,,,,,,,,,,,,,,,,,,,,,,,,,,337,T6,16:30-21:00,,,
,,,,,,338,T6,07:00-15:30,338,T6,07:00-15:06,,,,,,,,,,,,,,,,,,,,,,,,,,,,,,,,,,,,,,,,,,,,,,,,,338,T6,16:30-21:00,,,
,,,,,,339,T6,07:00-15:30,339,T6,07:00-15:06,,,,,,,,,,,,,,,,,,,,,,,,,,,,,,,,,,,,,,,,,,,,,,,,,339,T6,16:30-21:00,,,
,,,,,,340,T6,07:00-15:30,340,T6,07:00-15:06,,,,,,,,,,,,,,,,,,,,,,,,,,,,,,,,,,,,,,,,,,,,,,,,,340,T6,16:30-21:00,,,
,,,,,,341,T6,07:00-15:30,341,T6,07:00-15:06,,,,,,,,,,,,,,,,,,,,,,,,,,,,,,,,,,,,,,,,,,,,,,,,,341,T6,16:30-21:00,,,
,,,,,,342,O,RDO,342,O,RDO,,,,,,,,,,,,,,,,,,,,,,,,,,,,,,,,,,,,,,,,,,,,,,,,,342,O,RDO,,,
,,,,,,343,O,RDO,343,O,RDO,,,,,,,,,,,,,,,,,,,,,,,,,,,,,,,,,,,,,,,,,,,,,,,,,343,O,RDO,,,
,,,,,,344,O,RDO,344,O,RDO,,,,,,,,,,,,,,,,,,,,,,,,,,,,,,,,,,,,,,,,,,,,,,,,,344,O,RDO,,,
,,,,,,345,T6,07:00-15:30,345,T6,07:00-15:06,,,,,,,,,,,,,,,,,,,,,,,,,,,,,,,,,,,,,,,,,,,,,,,,,345,T6,16:30-21:00,,,
,,,,,,346,T6,07:00-15:30,346,T6,07:00-15:06,,,,,,,,,,,,,,,,,,,,,,,,,,,,,,,,,,,,,,,,,,,,,,,,,346,T6,16:30-21:00,,,
,,,,,,347,T6,07:00-15:30,347,T6,07:00-15:06,,,,,,,,,,,,,,,,,,,,,,,,,,,,,,,,,,,,,,,,,,,,,,,,,347,T6,16:30-21:00,,,
,,,,,,348,T6,07:00-15:30,348,T6,07:00-15:06,,,,,,,,,,,,,,,,,,,,,,,,,,,,,,,,,,,,,,,,,,,,,,,,,348,T6,16:30-21:00,,,
,,,,,,349,T6,07:00-15:30,349,T6,07:00-15:06,,,,,,,,,,,,,,,,,,,,,,,,,,,,,,,,,,,,,,,,,,,,,,,,,349,T6,16:30-21:00,,,
,,,,,,350,O,RDO,350,O,RDO,,,,,,,,,,,,,,,,,,,,,,,,,,,,,,,,,,,,,,,,,,,,,,,,,350,O,RDO,,,
,,,,,,351,O,RDO,351,O,RDO,,,,,,,,,,,,,,,,,,,,,,,,,,,,,,,,,,,,,,,,,,,,,,,,,351,O,RDO,,,
,,,,,,352,O,RDO,352,O,RDO,,,,,,,,,,,,,,,,,,,,,,,,,,,,,,,,,,,,,,,,,,,,,,,,,352,O,RDO,,,
,,,,,,353,T1,07:00-15:30,353,T1,07:00-15:06,,,,,,,,,,,,,,,,,,,,,,,,,,,,,,,,,,,,,,,,,,,,,,,,,353,T1,16:30-21:00,,,
,,,,,,354,T1,07:00-15:30,354,T1,07:00-15:06,,,,,,,,,,,,,,,,,,,,,,,,,,,,,,,,,,,,,,,,,,,,,,,,,354,T1,16:30-21:00,,,
,,,,,,355,T1,07:00-15:30,355,T1,07:00-15:06,,,,,,,,,,,,,,,,,,,,,,,,,,,,,,,,,,,,,,,,,,,,,,,,,355,T1,16:30-21:00,,,
,,,,,,356,T1,07:00-15:30,356,T1,07:00-15:06,,,,,,,,,,,,,,,,,,,,,,,,,,,,,,,,,,,,,,,,,,,,,,,,,356,T1,16:30-21:00,,,
,,,,,,357,T1,07:00-15:30,357,T1,07:00-15:06,,,,,,,,,,,,,,,,,,,,,,,,,,,,,,,,,,,,,,,,,,,,,,,,,357,T1,16:30-21:00,,,
,,,,,,358,T1,07:00-15:30,358,T1,07:00-15:06,,,,,,,,,,,,,,,,,,,,,,,,,,,,,,,,,,,,,,,,,,,,,,,,,358,T1,16:30-21:00,,,
,,,,,,359,A,ADO,359,S,07:00-15:06,,,,,,,,,,,,,,,,,,,,,,,,,,,,,,,,,,,,,,,,,,,,,,,,,359,O,RDO,,,
,,,,,,360,O,RDO,360,O,RDO,,,,,,,,,,,,,,,,,,,,,,,,,,,,,,,,,,,,,,,,,,,,,,,,,360,O,RDO,,,
,,,,,,361,O,RDO,361,O,RDO,,,,,,,,,,,,,,,,,,,,,,,,,,,,,,,,,,,,,,,,,,,,,,,,,361,O,RDO,,,
,,,,,,362,T1,07:00-15:30,362,T1,07:00-15:06,,,,,,,,,,,,,,,,,,,,,,,,,,,,,,,,,,,,,,,,,,,,,,,,,362,T1,16:30-21:00,,,
,,,,,,363,T1,07:00-15:30,363,T1,07:00-15:06,,,,,,,,,,,,,,,,,,,,,,,,,,,,,,,,,,,,,,,,,,,,,,,,,363,T1,16:30-21:00,,,
,,,,,,364,T1,07:00-15:30,364,T1,07:00-15:06,,,,,,,,,,,,,,,,,,,,,,,,,,,,,,,,,,,,,,,,,,,,,,,,,364,T1,16:30-21:00,,,
,,,,,,365,T2,07:00-15:30,365,T2,07:00-15:06,,,,,,,,,,,,,,,,,,,,,,,,,,,,,,,,,,,,,,,,,,,,,,,,,365,T2,16:30-21:00,,,
,,,,,,366,T2,07:00-15:30,366,T2,07:00-15:06,,,,,,,,,,,,,,,,,,,,,,,,,,,,,,,,,,,,,,,,,,,,,,,,,366,T2,16:30-21:00,,,
,,,,,,367,O,RDO,367,O,RDO,,,,,,,,,,,,,,,,,,,,,,,,,,,,,,,,,,,,,,,,,,,,,,,,,367,O,RDO,,,
,,,,,,368,O,RDO,368,O,RDO,,,,,,,,,,,,,,,,,,,,,,,,,,,,,,,,,,,,,,,,,,,,,,,,,368,O,RDO,,,
,,,,,,369,O,RDO,369,O,RDO,,,,,,,,,,,,,,,,,,,,,,,,,,,,,,,,,,,,,,,,,,,,,,,,,369,O,RDO,,,
,,,,,,370,T2,07:00-15:30,370,T2,07:00-15:06,,,,,,,,,,,,,,,,,,,,,,,,,,,,,,,,,,,,,,,,,,,,,,,,,370,T2,16:30-21:00,,,
,,,,,,371,T2,07:00-15:30,371,T2,07:00-15:06,,,,,,,,,,,,,,,,,,,,,,,,,,,,,,,,,,,,,,,,,,,,,,,,,371,T2,16:30-21:00,,,
,,,,,,372,T2,07:00-15:30,372,T2,07:00-15:06,,,,,,,,,,,,,,,,,,,,,,,,,,,,,,,,,,,,,,,,,,,,,,,,,372,T2,16:30-21:00,,,
,,,,,,373,T2,07:00-15:30,373,T2,07:00-15:06,,,,,,,,,,,,,,,,,,,,,,,,,,,,,,,,,,,,,,,,,,,,,,,,,373,T2,16:30-21:00,,,
,,,,,,374,T2,07:00-15:30,374,T2,07:00-15:06,,,,,,,,,,,,,,,,,,,,,,,,,,,,,,,,,,,,,,,,,,,,,,,,,374,T2,16:30-21:00,,,
,,,,,,375,O,RDO,375,O,RDO,,,,,,,,,,,,,,,,,,,,,,,,,,,,,,,,,,,,,,,,,,,,,,,,,375,O,RDO,,,
,,,,,,376,O,RDO,376,O,RDO,,,,,,,,,,,,,,,,,,,,,,,,,,,,,,,,,,,,,,,,,,,,,,,,,376,O,RDO,,,
,,,,,,377,O,RDO,377,O,RDO,,,,,,,,,,,,,,,,,,,,,,,,,,,,,,,,,,,,,,,,,,,,,,,,,377,O,RDO,,,
,,,,,,378,T2,07:00-15:30,378,T2,07:00-15:06,,,,,,,,,,,,,,,,,,,,,,,,,,,,,,,,,,,,,,,,,,,,,,,,,378,O,RDO,,,
,,,,,,379,T3,07:00-15:30,379,T3,07:00-15:06,,,,,,,,,,,,,,,,,,,,,,,,,,,,,,,,,,,,,,,,,,,,,,,,,379,T3,16:30-21:00,,,
,,,,,,380,T3,07:00-15:30,380,T3,07:00-15:06,,,,,,,,,,,,,,,,,,,,,,,,,,,,,,,,,,,,,,,,,,,,,,,,,380,T3,16:30-21:00,,,
,,,,,,381,T3,07:00-15:30,381,T3,07:00-15:06,,,,,,,,,,,,,,,,,,,,,,,,,,,,,,,,,,,,,,,,,,,,,,,,,381,T3,16:30-21:00,,,
,,,,,,382,T3,07:00-15:30,382,T3,07:00-15:06,,,,,,,,,,,,,,,,,,,,,,,,,,,,,,,,,,,,,,,,,,,,,,,,,382,T3,16:30-21:00,,,
,,,,,,383,T3,07:00-15:30,383,T3,07:00-15:06,,,,,,,,,,,,,,,,,,,,,,,,,,,,,,,,,,,,,,,,,,,,,,,,,383,T3,16:30-21:00,,,
,,,,,,384,O,RDO,384,O,RDO,,,,,,,,,,,,,,,,,,,,,,,,,,,,,,,,,,,,,,,,,,,,,,,,,384,O,RDO,,,
,,,,,,385,O,RDO,385,O,RDO,,,,,,,,,,,,,,,,,,,,,,,,,,,,,,,,,,,,,,,,,,,,,,,,,385,O,RDO,,,
,,,,,,386,A,ADO,386,S,07:00-15:06,,,,,,,,,,,,,,,,,,,,,,,,,,,,,,,,,,,,,,,,,,,,,,,,,386,O,RDO,,,
,,,,,,387,T3,07:00-15:30,387,T3,07:00-15:06,,,,,,,,,,,,,,,,,,,,,,,,,,,,,,,,,,,,,,,,,,,,,,,,,387,T3,16:30-21:00,,,
,,,,,,388,T3,07:00-15:30,388,T3,07:00-15:06,,,,,,,,,,,,,,,,,,,,,,,,,,,,,,,,,,,,,,,,,,,,,,,,,388,T3,16:30-21:00,,,
,,,,,,389,T3,07:00-15:30,389,T3,07:00-15:06,,,,,,,,,,,,,,,,,,,,,,,,,,,,,,,,,,,,,,,,,,,,,,,,,389,T3,16:30-21:00,,,
,,,,,,390,T3,07:00-15:30,390,T3,07:00-15:06,,,,,,,,,,,,,,,,,,,,,,,,,,,,,,,,,,,,,,,,,,,,,,,,,390,T3,16:30-21:00,,,
,,,,,,391,T3,07:00-15:30,391,T3,07:00-15:06,,,,,,,,,,,,,,,,,,,,,,,,,,,,,,,,,,,,,,,,,,,,,,,,,391,T3,16:30-21:00,,,
,,,,,,392,T3,07:00-15:30,392,T3,07:00-15:06,,,,,,,,,,,,,,,,,,,,,,,,,,,,,,,,,,,,,,,,,,,,,,,,,392,T3,16:30-21:00,,,
,,,,,,393,O,RDO,393,O,RDO,,,,,,,,,,,,,,,,,,,,,,,,,,,,,,,,,,,,,,,,,,,,,,,,,393,O,RDO,,,
,,,,,,394,O,RDO,394,O,RDO,,,,,,,,,,,,,,,,,,,,,,,,,,,,,,,,,,,,,,,,,,,,,,,,,394,O,RDO,,,
,,,,,,395,T5,07:00-15:30,395,T5,07:00-15:06,,,,,,,,,,,,,,,,,,,,,,,,,,,,,,,,,,,,,,,,,,,,,,,,,395,T5,16:30-21:00,,,
,,,,,,396,T5,07:00-15:30,396,T5,07:00-15:06,,,,,,,,,,,,,,,,,,,,,,,,,,,,,,,,,,,,,,,,,,,,,,,,,396,T5,16:30-21:00,,,
,,,,,,397,T5,07:00-15:30,397,T5,07:00-15:06,,,,,,,,,,,,,,,,,,,,,,,,,,,,,,,,,,,,,,,,,,,,,,,,,397,T5,16:30-21:00,,,
,,,,,,398,T5,07:00-15:30,398,T5,07:00-15:06,,,,,,,,,,,,,,,,,,,,,,,,,,,,,,,,,,,,,,,,,,,,,,,,,398,T5,16:30-21:00,,,
,,,,,,399,T5,07:00-15:30,399,T5,07:00-15:06,,,,,,,,,,,,,,,,,,,,,,,,,,,,,,,,,,,,,,,,,,,,,,,,,399,T5,16:30-21:00,,,
,,,,,,400,T5,07:00-15:30,400,T5,07:00-15:06,,,,,,,,,,,,,,,,,,,,,,,,,,,,,,,,,,,,,,,,,,,,,,,,,400,T5,16:30-21:00,,,
,,,,,,401,O,RDO,401,O,RDO,,,,,,,,,,,,,,,,,,,,,,,,,,,,,,,,,,,,,,,,,,,,,,,,,401,O,RDO,,,
,,,,,,402,O,RDO,402,O,RDO,,,,,,,,,,,,,,,,,,,,,,,,,,,,,,,,,,,,,,,,,,,,,,,,,402,O,RDO,,,
,,,,,,403,T5,07:00-15:30,403,T5,07:00-15:06,,,,,,,,,,,,,,,,,,,,,,,,,,,,,,,,,,,,,,,,,,,,,,,,,403,T5,16:30-21:00,,,
,,,,,,404,T5,07:00-15:30,404,T5,07:00-15:06,,,,,,,,,,,,,,,,,,,,,,,,,,,,,,,,,,,,,,,,,,,,,,,,,404,T5,16:30-21:00,,,
,,,,,,405,T5,07:00-15:30,405,T5,07:00-15:06,,,,,,,,,,,,,,,,,,,,,,,,,,,,,,,,,,,,,,,,,,,,,,,,,405,T5,16:30-21:00,,,
,,,,,,406,T5,07:00-15:30,406,T5,07:00-15:06,,,,,,,,,,,,,,,,,,,,,,,,,,,,,,,,,,,,,,,,,,,,,,,,,406,T5,16:30-21:00,,,
,,,,,,407,T6,07:00-15:30,407,T6,07:00-15:06,,,,,,,,,,,,,,,,,,,,,,,,,,,,,,,,,,,,,,,,,,,,,,,,,407,T6,16:30-21:00,,,
,,,,,,408,T6,07:00-15:30,408,T6,07:00-15:06,,,,,,,,,,,,,,,,,,,,,,,,,,,,,,,,,,,,,,,,,,,,,,,,,408,T6,16:30-21:00,,,
,,,,,,409,O,RDO,409,O,RDO,,,,,,,,,,,,,,,,,,,,,,,,,,,,,,,,,,,,,,,,,,,,,,,,,409,O,RDO,,,
,,,,,,410,O,RDO,410,O,RDO,,,,,,,,,,,,,,,,,,,,,,,,,,,,,,,,,,,,,,,,,,,,,,,,,410,O,RDO,,,
,,,,,,411,A,ADO,411,S,07:00-15:06,,,,,,,,,,,,,,,,,,,,,,,,,,,,,,,,,,,,,,,,,,,,,,,,,411,O,RDO,,,
,,,,,,412,T6,07:00-15:30,412,T6,07:00-15:06,,,,,,,,,,,,,,,,,,,,,,,,,,,,,,,,,,,,,,,,,,,,,,,,,412,T6,16:30-21:00,,,
,,,,,,413,T6,07:00-15:30,413,T6,07:00-15:06,,,,,,,,,,,,,,,,,,,,,,,,,,,,,,,,,,,,,,,,,,,,,,,,,413,T6,16:30-21:00,,,
,,,,,,414,T6,07:00-15:30,414,T6,07:00-15:06,,,,,,,,,,,,,,,,,,,,,,,,,,,,,,,,,,,,,,,,,,,,,,,,,414,T6,16:30-21:00,,,
,,,,,,415,T6,07:00-15:30,415,T6,07:00-15:06,,,,,,,,,,,,,,,,,,,,,,,,,,,,,,,,,,,,,,,,,,,,,,,,,415,T6,16:30-21:00,,,
,,,,,,416,T6,07:00-15:30,416,T6,07:00-15:06,,,,,,,,,,,,,,,,,,,,,,,,,,,,,,,,,,,,,,,,,,,,,,,,,416,T6,16:30-21:00,,,
,,,,,,417,T6,07:00-15:30,417,T6,07:00-15:06,,,,,,,,,,,,,,,,,,,,,,,,,,,,,,,,,,,,,,,,,,,,,,,,,417,T6,16:30-21:00,,,
,,,,,,418,O,RDO,418,O,RDO,,,,,,,,,,,,,,,,,,,,,,,,,,,,,,,,,,,,,,,,,,,,,,,,,418,O,RDO,,,
,,,,,,419,O,RDO,419,O,RDO,,,,,,,,,,,,,,,,,,,,,,,,,,,,,,,,,,,,,,,,,,,,,,,,,419,O,RDO,,,
,,,,,,420,S,07:00-15:30,420,S,07:00-15:06,,,,,,,,,,,,,,,,,,,,,,,,,,,,,,,,,,,,,,,,,,,,,,,,,420,O,RDO,,,
